file,path,dates_en,dates_ja,en,ja,url 1,url 2,notes
fixed_feasts_ferias_et_al.json,January 1[0].name,1-Jan,1\x8c\x8e1\x93\xfa,The Circumcision,\x8e\xe5\x83C\x83G\x83Y\x83X\x81E\x83L\x83\x8a\x83X\x83g\x82̌䊄\x97\xe7\x82̏j\x93\xfa,,,
fixed_feasts_ferias_et_al.json,January 5[0].name,5-Jan,1\x8c\x8e5\x93\xfa,Twelfth Night,,,,Not observed in Japan
fixed_feasts_ferias_et_al.json,January 6[0].name,6-Jan,1\x8c\x8e6\x93\xfa,Three Kings Day,\x8e\xe5\x82̌\xe4\x8c\xf6\x8c\xbb\x82̏j\x93\xfa,,,
fixed_feasts_ferias_et_al.json,January 11[0].name,11-Jan,1\x8c\x8e11\x93\xfa,Pope Hyginus,\x90\xb9\x83q\x83W\x83m,,,
fixed_feasts_ferias_et_al.json,January 13[0].name,13-Jan,1\x8c\x8e13\x93\xfa,Baptism of Christ,\x8e\xe5\x83C\x83G\x83Y\x83X\x81E\x83L\x83\x8a\x83X\x83g\x82̎\xf3\x90\xf4\x8bL\x94O,,,
fixed_feasts_ferias_et_al.json,January 14[0].name,14-Jan,1\x8c\x8e14\x93\xfa,St. Hilary,\x90\xb9\x83q\x83\x89\x83\x8a\x83I,https://www.pauline.or.jp/calendariosanti/gen_saint50.php?id=011301,,
fixed_feasts_ferias_et_al.json,January 15[0].name,15-Jan,1\x8c\x8e15\x93\xfa,St. Paul the Hermit,\x90\xb9\x83p\x83E\x83\x8d\x8dŏ\x89\x82̉B\x8fC\x8em,https://www.pauline.or.jp/calendariosanti/gen_saint365.php?id=011501,,
fixed_feasts_ferias_et_al.json,January 16[0].name,16-Jan,1\x8c\x8e16\x93\xfa,Pope Marcellus I,\x90\xb9\x83}\x83\x8b\x83`\x83F\x83\x8d\x88ꐢ\x8b\xb3\x8dc,https://www.pauline.or.jp/calendariosanti/gen_saint365.php?id=011601,,
fixed_feasts_ferias_et_al.json,January 17[0].name,17-Jan,1\x8c\x8e17\x93\xfa,St. Anthony the Great,\x90\xb9\x83A\x83\x93\x83g\x83j\x83I,https://www.pauline.or.jp/calendariosanti/gen_saint365.php?id=011701,,
fixed_feasts_ferias_et_al.json,January 18[0].name,18-Jan,1\x8c\x8e18\x93\xfa,St. Peter's Chair,,,,Apparently an error for February 22
fixed_feasts_ferias_et_al.json,January 18[1].name,18-Jan,1\x8c\x8e18\x93\xfa,St. Prisca,\x90\xb9\x8f\x97\x83v\x83\x8a\x83X\x83J,,,
fixed_feasts_ferias_et_al.json,January 19[0].name,19-Jan,1\x8c\x8e19\x93\xfa,"SS. Marius, Martha, Audifax, & Abachum",\x90\xb9\x83}\x83\x8a\x83I\x81A\x90\xb9\x8f\x97\x83}\x83\x8b\x83^\x81A\x90\xb9\x83A\x83E\x83f\x83B\x83t\x83@\x83`\x83F\x81A\x90\xb9\x83A\x83o\x83R,,,
fixed_feasts_ferias_et_al.json,January 20[0].name,20-Jan,1\x8c\x8e20\x93\xfa,Pope Fabian & St. Sebastian,\x90\xb9\x83t\x83@\x83r\x83A\x83m\x8b\xb3\x8dc\x81A\x90\xb9\x83Z\x83o\x83X\x83e\x83B\x83A\x83m,https://www.pauline.or.jp/calendariosanti/gen_saint50.php?id=012002,,
fixed_feasts_ferias_et_al.json,January 21[0].name,21-Jan,1\x8c\x8e21\x93\xfa,St. Agnes,\x90\xb9\x83A\x83O\x83l\x83X,https://www.pauline.or.jp/calendariosanti/gen_saint365.php?id=012101,,
fixed_feasts_ferias_et_al.json,January 22[0].name,22-Jan,1\x8c\x8e22\x93\xfa,SS. Vincent & Anastasius,\x90\xb9\x83\x94\x83B\x83\x93\x83`\x83F\x83\x93\x83c\x83B\x83I\x81A\x90\xb9\x83A\x83i\x83X\x83^\x83W\x83I,https://www.pauline.or.jp/calendariosanti/gen_saint365.php?id=012201,,
fixed_feasts_ferias_et_al.json,January 23[0].name,23-Jan,1\x8c\x8e23\x93\xfa,St. Raymond of Peñafort,\x83y\x83j\x83\x83\x83t\x83H\x83\x8b\x83g\x82̐\xb9\x83\x89\x83C\x83\x80\x83\x93\x83h,,,
fixed_feasts_ferias_et_al.json,January 24[0].name,24-Jan,1\x8c\x8e24\x93\xfa,St. Timothy,\x90\xb9\x83e\x83B\x83\x82\x83e\x83I,https://www.pauline.or.jp/calendariosanti/gen_saint365.php?id=012601,,
fixed_feasts_ferias_et_al.json,January 25[0].name,25-Jan,1\x8c\x8e25\x93\xfa,Conversion of St. Paul,\x8eg\x93k\x90\xb9\x83p\x83E\x83\x8d\x82̉\xf1\x90S,https://www.pauline.or.jp/calendariosanti/gen_saint365.php?id=012501,,
fixed_feasts_ferias_et_al.json,January 26[0].name,26-Jan,1\x8c\x8e26\x93\xfa,St. Polycarp,\x90\xb9\x83|\x83\x8a\x83J\x83\x8b\x83|,https://www.pauline.or.jp/calendariosanti/gen_saint50.php?id=022302,,
fixed_feasts_ferias_et_al.json,January 27[0].name,27-Jan,1\x8c\x8e27\x93\xfa,St. John Chrysostom,\x90\xb9\x83\x88\x83n\x83l\x81E\x83N\x83\x8a\x83]\x83X\x83g\x83\x82,https://www.pauline.or.jp/calendariosanti/gen_saint50.php?id=091301,,
fixed_feasts_ferias_et_al.json,January 28[0].name,28-Jan,1\x8c\x8e28\x93\xfa,St. Peter Nolasco,\x90\xb9\x83y\x83g\x83\x8d\x81E\x83m\x83\x89\x83X\x83R,,,
fixed_feasts_ferias_et_al.json,January 29[0].name,29-Jan,1\x8c\x8e29\x93\xfa,St. Francis de Sales,\x83T\x83\x8c\x83W\x83I\x82̐\xb9\x83t\x83\x89\x83\x93\x83V\x83X\x83R,https://www.pauline.or.jp/calendariosanti/gen_saint50.php?id=012401,,
fixed_feasts_ferias_et_al.json,January 30[0].name,30-Jan,1\x8c\x8e30\x93\xfa,St. Martina,\x90\xb9\x83}\x83\x8b\x83e\x83B\x83i,,,
fixed_feasts_ferias_et_al.json,January 31[0].name,31-Jan,1\x8c\x8e31\x93\xfa,St. John Bosco,\x90\xb9\x83\x88\x83n\x83l\x81E\x83{\x83X\x83R,https://www.pauline.or.jp/calendariosanti/gen_saint365.php?id=013101,,
fixed_feasts_ferias_et_al.json,February 1[1].name,1-Feb,2\x8c\x8e1\x93\xfa,St. Brigid,\x90\xb9\x83u\x83\x8a\x83W\x83b\x83^,https://www.pauline.or.jp/calendariosanti/gen_saint365.php?id=020101,,pro Aliquibus Locis
fixed_feasts_ferias_et_al.json,February 1[0].name,1-Feb,2\x8c\x8e1\x93\xfa,St. Ignatius,\x90\xb9\x83C\x83O\x83i\x83`\x83I,https://www.pauline.or.jp/calendariosanti/gen_saint50.php?id=101701,,
fixed_feasts_ferias_et_al.json,February 2[0].name,2-Feb,2\x8c\x8e2\x93\xfa,Candlemas,\x90\xb9\x83}\x83\x8a\x83A\x82̌䌉\x82\xdf,https://www.pauline.or.jp/calendariosanti/gen_saint365.php?id=020201,,
fixed_feasts_ferias_et_al.json,February 3[0].name,3-Feb,2\x8c\x8e3\x93\xfa,St. Blaise,\x90\xb9\x83u\x83\x89\x83W\x83I,https://www.pauline.or.jp/calendariosanti/gen_saint365.php?id=020302,,
fixed_feasts_ferias_et_al.json,February 4[0].name,4-Feb,2\x8c\x8e4\x93\xfa,St. Andrew Corsini,\x90\xb9\x83A\x83\x93\x83h\x83\x8c\x83A\x81E\x83R\x83\x8b\x83V\x81[\x83j,https://www.pauline.or.jp/calendariosanti/gen_saint365.php?id=020401,,
fixed_feasts_ferias_et_al.json,February 5[0].name,5-Feb,2\x8c\x8e5\x93\xfa,St. Agatha,\x90\xb9\x83A\x83K\x83^,https://www.pauline.or.jp/calendariosanti/gen_saint365.php?id=020601,,
fixed_feasts_ferias_et_al.json,February 6[0].name,6-Feb,2\x8c\x8e6\x93\xfa,St. Titus,\x90\xb9\x83e\x83B\x83g,,,
fixed_feasts_ferias_et_al.json,February 7[0].name,7-Feb,2\x8c\x8e7\x93\xfa,St. Romuald,\x90\xb9\x83\x8d\x83\x80\x83A\x83\x8b\x83h,https://www.pauline.or.jp/calendariosanti/gen_saint50.php?id=061901,,
fixed_feasts_ferias_et_al.json,February 8[0].name,8-Feb,2\x8c\x8e8\x93\xfa,St. John of Matha,\x83}\x83^\x82̐\xb9\x83\x88\x83n\x83l,,,
fixed_feasts_ferias_et_al.json,February 9[0].name,9-Feb,2\x8c\x8e9\x93\xfa,St. Cyril of Alexandria,\x83A\x83\x8c\x83N\x83T\x83\x93\x83h\x83\x8a\x83A\x82̐\xb9\x83`\x83\x8a\x83\x8d,https://www.pauline.or.jp/calendariosanti/gen_saint50.php?id=062701,,
fixed_feasts_ferias_et_al.json,February 10[0].name,10-Feb,2\x8c\x8e10\x93\xfa,St. Scholastica,\x90\xb9\x83X\x83R\x83\x89\x83X\x83`\x83J,https://www.pauline.or.jp/calendariosanti/gen_saint50.php?id=021001,,
fixed_feasts_ferias_et_al.json,February 11[0].name,11-Feb,2\x8c\x8e11\x93\xfa,The Apparition at Lourdes,\x83\x8b\x83\x8b\x83h\x82ɂ\xa8\x82\xaf\x82閳\x8c\xb4\x8d߂̐\xb9\x95\xea\x83}\x83\x8a\x83A\x82̌\xe4\x8fo\x8c\xbb,https://www.pauline.or.jp/calendariosanti/gen_saint365.php?id=021101,,
fixed_feasts_ferias_et_al.json,February 12[0].name,12-Feb,2\x8c\x8e12\x93\xfa,The Seven Holy Founders of the Servite Order,\x81u\x90\xb9\x95\xea\x83}\x83\x8a\x83A\x82̉\xba\x96l\x8fC\x93\xb9\x89\xef\x81v\x82̎\xb5\x90l\x82̐\xb9\x82Ȃ\xe9\x91n\x97\xa7\x8e\xd2,https://www.pauline.or.jp/calendariosanti/gen_saint50.php?id=021701,,
fixed_feasts_ferias_et_al.json,February 14[0].name,14-Feb,2\x8c\x8e14\x93\xfa,St. Valentine,\x90\xb9\x83\x94\x83@\x83\x8c\x83\x93\x83`\x83m,https://www.pauline.or.jp/calendariosanti/gen_saint365.php?id=021402,,
fixed_feasts_ferias_et_al.json,February 15[0].name,15-Feb,2\x8c\x8e15\x93\xfa,SS. Faustinus & Jovita,\x90\xb9\x83t\x83@\x83E\x83X\x83`\x83m\x81A\x90\xb9\x83\x88\x83\x94\x83B\x83^,,,
fixed_feasts_ferias_et_al.json,February 18[0].name,18-Feb,2\x8c\x8e18\x93\xfa,St. Simeon,\x90\xb9\x83V\x83\x81\x83I\x83\x93,,,
fixed_feasts_ferias_et_al.json,February 23[0].name,23-Feb,2\x8c\x8e23\x93\xfa,St. Peter Damian,\x90\xb9\x83y\x83g\x83\x8d\x81E\x83_\x83~\x83A\x83m,https://www.pauline.or.jp/calendariosanti/gen_saint50.php?id=022101,,
fixed_feasts_ferias_et_al.json,March 4[0].name,4-Mar,3\x8c\x8e4\x93\xfa,St. Casimir,\x90\xb9\x83J\x83W\x83~\x83\x8d\x89\xa4\x8eq,https://www.pauline.or.jp/calendariosanti/gen_saint365.php?id=030401,,
fixed_feasts_ferias_et_al.json,March 6[0].name,6-Mar,3\x8c\x8e6\x93\xfa,SS. Perpetua and Felicitas,\x90\xb9\x83y\x83\x8b\x83y\x83g\x83D\x83A\x82Ɛ\xb9\x83t\x83F\x83\x8a\x83`\x83^\x83X,https://www.pauline.or.jp/calendariosanti/gen_saint365.php?id=030701,,
fixed_feasts_ferias_et_al.json,March 7[0].name,7-Mar,3\x8c\x8e7\x93\xfa,St. Thomas Aquinas,\x90\xb9\x83g\x83}\x83X\x81E\x83A\x83N\x83B\x83i\x83X,https://www.pauline.or.jp/calendariosanti/gen_saint50.php?id=012801,,
fixed_feasts_ferias_et_al.json,March 8[0].name,8-Mar,3\x8c\x8e8\x93\xfa,St. John of God,\x90\xb9\x83\x88\x83n\x83l\x81E\x83A\x81E\x83f\x83I,https://www.pauline.or.jp/calendariosanti/gen_saint365.php?id=030801,,
fixed_feasts_ferias_et_al.json,March 9[0].name,9-Mar,3\x8c\x8e9\x93\xfa,St. Frances of Rome,\x83\x8d\x81[\x83}\x82̐\xb9\x83t\x83\x89\x83\x93\x83V\x83X\x83J,https://www.pauline.or.jp/calendariosanti/gen_saint365.php?id=030901,,
fixed_feasts_ferias_et_al.json,March 10[0].name,10-Mar,3\x8c\x8e10\x93\xfa,The Forty Martyrs,\x83Z\x83o\x83X\x83e\x82̎l\x8f\\x90\xb9\x90l,,,
fixed_feasts_ferias_et_al.json,March 12[0].name,12-Mar,3\x8c\x8e12\x93\xfa,Pope Gregory the Great,\x90\xb9\x83O\x83\x8c\x83S\x83\x8a\x83I\x88ꐢ\x8b\xb3\x8dc,,,
fixed_feasts_ferias_et_al.json,March 17[0].name,17-Mar,3\x8c\x8e17\x93\xfa,St. Patrick,\x90\xb9\x83p\x83g\x83\x8a\x83b\x83N,https://www.pauline.or.jp/calendariosanti/gen_saint365.php?id=031701,,
fixed_feasts_ferias_et_al.json,March 18[0].name,18-Mar,3\x8c\x8e18\x93\xfa,St. Cyril of Jerusalem,\x83G\x83\x8b\x83T\x83\x8c\x83\x80\x82̐\xb9\x83`\x83\x8a\x83\x8d,https://www.pauline.or.jp/calendariosanti/gen_saint365.php?id=031801,,
fixed_feasts_ferias_et_al.json,March 19[0].name,19-Mar,3\x8c\x8e19\x93\xfa,St. Joseph,\x90\xb9\x83\x88\x83[\x83t,https://www.pauline.or.jp/calendariosanti/gen_saint365.php?id=031901,,
fixed_feasts_ferias_et_al.json,March 21[0].name,21-Mar,3\x8c\x8e21\x93\xfa,St. Benedict,\x90\xb9\x83x\x83l\x83f\x83B\x83N\x83g,https://www.pauline.or.jp/calendariosanti/gen_saint50.php?id=071101,,
fixed_feasts_ferias_et_al.json,March 24[0].name,24-Mar,3\x8c\x8e24\x93\xfa,St. Gabriel,\x91\xe5\x93V\x8eg\x90\xb9\x83K\x83u\x83\x8a\x83G\x83\x8b,https://www.pauline.or.jp/calendariosanti/gen_saint50.php?id=092901,,
fixed_feasts_ferias_et_al.json,March 27[0].name,27-Mar,3\x8c\x8e27\x93\xfa,St. John Damascene,\x83_\x83}\x83X\x83R\x82̐\xb9\x83\x88\x83n\x83l,https://www.pauline.or.jp/calendariosanti/gen_saint50.php?id=120402,,
fixed_feasts_ferias_et_al.json,March 28[0].name,28-Mar,3\x8c\x8e28\x93\xfa,St. John Capistrano,\x83J\x83s\x83X\x83g\x83\x89\x83m\x82̐\xb9\x83\x88\x83n\x83l,https://www.pauline.or.jp/calendariosanti/gen_saint365.php?id=032801,,
fixed_feasts_ferias_et_al.json,April 2[0].name,2-Apr,4\x8c\x8e2\x93\xfa,St. Francis of Paula,\x83p\x83E\x83\x89\x82̐\xb9\x83t\x83\x89\x83\x93\x83V\x83X\x83R,https://www.pauline.or.jp/calendariosanti/gen_saint50.php?id=040201,,
fixed_feasts_ferias_et_al.json,April 4[0].name,4-Apr,4\x8c\x8e4\x93\xfa,St. Isidore,\x90\xb9\x83C\x83V\x83h\x83\x8d,https://www.pauline.or.jp/calendariosanti/gen_saint365.php?id=040401,,
fixed_feasts_ferias_et_al.json,April 5[0].name,5-Apr,4\x8c\x8e5\x93\xfa,St. Vincent Ferrer,\x90\xb9\x83\x94\x83B\x83\x93\x83Z\x83\x93\x83V\x83I\x81E\x83t\x83F\x83\x8c\x83\x8b,https://www.pauline.or.jp/calendariosanti/gen_saint365.php?id=040501,,
fixed_feasts_ferias_et_al.json,April 11[0].name,11-Apr,4\x8c\x8e11\x93\xfa,Pope Leo the Great,\x91吹\x83\x8c\x83I\x88ꐢ\x8b\xb3\x8dc,https://www.pauline.or.jp/calendariosanti/gen_saint50.php?id=111001,,
fixed_feasts_ferias_et_al.json,April 13[0].name,13-Apr,4\x8c\x8e13\x93\xfa,St. Hermenegild,\x90\xb9\x83w\x83\x8b\x83\x81\x83l\x83W\x83\x8b\x83h,https://www.pauline.or.jp/calendariosanti/gen_saint365.php?id=041401,,
fixed_feasts_ferias_et_al.json,April 14[0].name,14-Apr,4\x8c\x8e14\x93\xfa,St. Justin,\x90\xb9\x83\x86\x83X\x83e\x83B\x83m,https://www.pauline.or.jp/calendariosanti/gen_saint50.php?id=060101,,
fixed_feasts_ferias_et_al.json,April 17[0].name,17-Apr,4\x8c\x8e17\x93\xfa,Pope Anicetus,\x90\xb9\x83A\x83j\x83`\x83F\x83g\x8b\xb3\x8dc,,,
fixed_feasts_ferias_et_al.json,April 21[0].name,21-Apr,4\x8c\x8e21\x93\xfa,St. Anselm,\x90\xb9\x83A\x83\x93\x83Z\x83\x8b\x83\x82,https://www.pauline.or.jp/calendariosanti/gen_saint365.php?id=042101,,
fixed_feasts_ferias_et_al.json,April 22[0].name,22-Apr,4\x8c\x8e22\x93\xfa,SS. Soter & Caius,\x90\xb9\x83\\x83e\x83\x8b\x81A\x90\xb9\x83J\x83C\x83I,,,
fixed_feasts_ferias_et_al.json,April 23[0].name,23-Apr,4\x8c\x8e23\x93\xfa,St. George,\x90\xb9\x83W\x83F\x83I\x83\x8b\x83W\x83I,https://www.pauline.or.jp/calendariosanti/gen_saint365.php?id=042301,,
fixed_feasts_ferias_et_al.json,April 24[0].name,24-Apr,4\x8c\x8e24\x93\xfa,St. Fidelis of Sigmaringen,\x83V\x83O\x83}\x83\x8a\x83\x93\x83Q\x83\x93\x82̐\xb9\x83t\x83B\x83f\x83\x8a\x83X,https://www.pauline.or.jp/calendariosanti/gen_saint365.php?id=042401,,
fixed_feasts_ferias_et_al.json,April 24[1].name,24-Apr,4\x8c\x8e24\x93\xfa,St. Mark's Eve,\x90\xb9\x83}\x83\x8b\x83R\x82̏j\x93\xfa\x82̑O\x93\xfa\x81i\x93O\x96\xe9\x81j,,,Not observed in Japan
fixed_feasts_ferias_et_al.json,April 25[0].name,25-Apr,4\x8c\x8e25\x93\xfa,St. Mark,\x90\xb9\x83}\x83\x8b\x83R,https://www.pauline.or.jp/calendariosanti/gen_saint365.php?id=042501,,
fixed_feasts_ferias_et_al.json,April 26[0].name,26-Apr,4\x8c\x8e26\x93\xfa,SS. Cletus and Marcellinus,\x90\xb9\x83N\x83\x8c\x83g\x81A\x90\xb9\x83}\x83\x8b\x83`\x83F\x83\x8a\x81[\x83m\x97\xbc\x8b\xb3\x8dc,,,
fixed_feasts_ferias_et_al.json,April 27[0].name,27-Apr,4\x8c\x8e27\x93\xfa,St. Peter Canisius,\x90\xb9\x83y\x83g\x83\x8d\x81E\x83J\x83j\x83W\x83I,https://www.pauline.or.jp/calendariosanti/gen_saint50.php?id=122101,,
fixed_feasts_ferias_et_al.json,April 28[0].name,28-Apr,4\x8c\x8e28\x93\xfa,St. Paul of the Cross,\x8f\\x8e\x9a\x89˂̐\xb9\x83p\x83E\x83\x8d,https://www.pauline.or.jp/calendariosanti/gen_saint50.php?id=101901,,
fixed_feasts_ferias_et_al.json,April 29[0].name,29-Apr,4\x8c\x8e29\x93\xfa,St. Peter of Verona,\x83\x94\x83F\x83\x8d\x83i\x82̐\xb9\x83y\x83g\x83\x8d,,,
fixed_feasts_ferias_et_al.json,April 30[0].name,30-Apr,4\x8c\x8e30\x93\xfa,St. Catherine of Siena,\x83V\x83G\x83i\x82̐\xb9\x83J\x83^\x83\x8a\x83i,https://www.pauline.or.jp/calendariosanti/gen_saint365.php?id=042901,,
fixed_feasts_ferias_et_al.json,April 30[1].name,30-Apr,4\x8c\x8e30\x93\xfa,Walpurgisnacht,\x83\x8f\x83\x8b\x83v\x83\x8b\x83M\x83X\x82̖\xe9,,,Not observed in Japan
fixed_feasts_ferias_et_al.json,May 1[0].name,1-May,5\x8c\x8e1\x93\xfa,St. Joseph the Worker,\x98J\x93\xad\x8eҐ\xb9\x83\x88\x83[\x83t,https://www.pauline.or.jp/calendariosanti/gen_saint365.php?id=050101,,
fixed_feasts_ferias_et_al.json,May 1[1].name,1-May,5\x8c\x8e1\x93\xfa,St. Walpurga,\x90\xb9\x83\x8f\x83\x8b\x83u\x83\x8b\x83K,https://www.pauline.or.jp/calendariosanti/gen_saint50.php?id=022501,,
fixed_feasts_ferias_et_al.json,May 2[0].name,2-May,5\x8c\x8e2\x93\xfa,St. Athanasius,\x90\xb9\x83A\x83^\x83i\x83V\x83I,https://www.pauline.or.jp/calendariosanti/gen_saint365.php?id=050201,,
fixed_feasts_ferias_et_al.json,May 3[0].name,3-May,5\x8c\x8e3\x93\xfa,SS. Alexander & Companions,\x90\xb9\x83A\x83\x8c\x83N\x83T\x83\x93\x83h\x83\x8d\x81A\x90\xb9\x83G\x83\x94\x83F\x83\x93\x83c\x83B\x83I\x81A\x90\xb9\x83e\x83I\x83h\x83D\x83\x8d\x81A\x90\xb9\x83\x86\x83\x94\x83F\x83i\x83\x8c,,,
fixed_feasts_ferias_et_al.json,May 4[0].name,4-May,5\x8c\x8e4\x93\xfa,St. Monica,\x90\xb9\x83\x82\x83j\x83J,https://www.pauline.or.jp/calendariosanti/gen_saint50.php?id=082701,,
fixed_feasts_ferias_et_al.json,May 5[0].name,5-May,5\x8c\x8e5\x93\xfa,Pope Pius V,\x90\xb9\x83s\x83I\x8cܐ\xa2\x8b\xb3\x8dc,https://www.pauline.or.jp/calendariosanti/gen_saint50.php?id=043001,,
fixed_feasts_ferias_et_al.json,May 7[0].name,7-May,5\x8c\x8e7\x93\xfa,St. Stanislaus,\x90\xb9\x83X\x83^\x83j\x83X\x83\x89\x83I,https://www.pauline.or.jp/calendariosanti/gen_saint50.php?id=041101,,
fixed_feasts_ferias_et_al.json,May 9[0].name,9-May,5\x8c\x8e9\x93\xfa,St. Gregory Nazianzen,\x83i\x83W\x83A\x83\x93\x83]\x83X\x82̐\xb9\x83O\x83\x8c\x83S\x83\x8a\x83I,https://www.pauline.or.jp/calendariosanti/gen_saint50.php?id=010201,,
fixed_feasts_ferias_et_al.json,May 10[0].name,10-May,5\x8c\x8e10\x93\xfa,St. Antoninus,\x90\xb9\x83A\x83\x93\x83g\x83j\x81[\x83m,https://www.pauline.or.jp/calendariosanti/gen_saint50.php?id=051001,,
fixed_feasts_ferias_et_al.json,May 11[0].name,11-May,5\x8c\x8e11\x93\xfa,SS. Philip & James,\x90\xb9\x83t\x83B\x83\x8a\x83|\x81A\x90\xb9\x83\x84\x83R\x83u,https://www.pauline.or.jp/calendariosanti/gen_saint365.php?id=050301,,
fixed_feasts_ferias_et_al.json,May 12[0].name,12-May,5\x8c\x8e12\x93\xfa,"SS. Nereus, Achilleus, Domitilla, & Pancras",\x90\xb9\x83l\x83\x8c\x83I\x81A\x90\xb9\x83A\x83L\x83\x8c\x83I\x81A\x90\xb9\x83h\x83~\x83`\x83\x89\x81A\x90\xb9\x83p\x83\x93\x83N\x83\x89\x83c\x83B\x83I,https://www.pauline.or.jp/calendariosanti/gen_saint365.php?id=051201,https://www.pauline.or.jp/calendariosanti/gen_saint365.php?id=051202,
fixed_feasts_ferias_et_al.json,May 13[0].name,13-May,5\x8c\x8e13\x93\xfa,St. Robert Bellarmine,\x90\xb9\x83\x8d\x83x\x83\x8b\x83g\x81E\x83x\x83\x89\x83\x8b\x83~\x83m,https://www.pauline.or.jp/calendariosanti/gen_saint50.php?id=091702,,
fixed_feasts_ferias_et_al.json,May 14[0].name,14-May,5\x8c\x8e14\x93\xfa,St. Boniface of Tarsus,\x90\xb9\x83{\x83j\x83t\x83@\x83c\x83B\x83I,https://www.pauline.or.jp/calendariosanti/gen_saint50.php?id=060501,,
fixed_feasts_ferias_et_al.json,May 15[0].name,15-May,5\x8c\x8e15\x93\xfa,St. John Baptist de la Salle,\x90\xb9\x83\x88\x83n\x83l\x81E\x83o\x83v\x83e\x83B\x83X\x83^\x81E\x83h\x81E\x83\x89\x81E\x83T\x81[\x83\x8b,https://www.pauline.or.jp/calendariosanti/gen_saint50.php?id=040701,,
fixed_feasts_ferias_et_al.json,May 16[0].name,16-May,5\x8c\x8e16\x93\xfa,St. Ubald,\x90\xb9\x83E\x83o\x83\x8b\x83h,,,
fixed_feasts_ferias_et_al.json,May 17[0].name,17-May,5\x8c\x8e17\x93\xfa,St. Pascal Baylon,\x90\xb9\x83p\x83X\x83J\x83\x8a\x83X\x81E\x83o\x83C\x83\x8d\x83\x93,https://www.pauline.or.jp/calendariosanti/gen_saint50.php?id=052101,,
fixed_feasts_ferias_et_al.json,May 18[0].name,18-May,5\x8c\x8e18\x93\xfa,St. Venantius,\x90\xb9\x83\x94\x83F\x83i\x83\x93\x83c\x83B\x83I,,,
fixed_feasts_ferias_et_al.json,May 19[0].name,19-May,5\x8c\x8e19\x93\xfa,Pope Celestine V,\x90\xb9\x83y\x83g\x83\x8d\x81E\x83`\x83F\x83\x8c\x83X\x83e\x83B\x81[\x83m\x8cܐ\xa2\x8b\xb3\x8dc,,,
fixed_feasts_ferias_et_al.json,May 20[0].name,20-May,5\x8c\x8e20\x93\xfa,St. Bernardine of Siena,\x83V\x83G\x83i\x82̐\xb9\x83x\x83\x8b\x83i\x83\x8b\x83f\x83B\x83m,https://www.pauline.or.jp/calendariosanti/gen_saint365.php?id=052001,,
fixed_feasts_ferias_et_al.json,May 22[0].name,22-May,5\x8c\x8e22\x93\xfa,St. Rita of Cascia,\x83J\x83V\x83@\x82̐\xb9\x83\x8a\x83^,https://www.pauline.or.jp/calendariosanti/gen_saint365.php?id=052201,,pro Aliquibus Locis
fixed_feasts_ferias_et_al.json,May 25[0].name,25-May,5\x8c\x8e25\x93\xfa,Pope Gregory VII,\x90\xb9\x83O\x83\x8c\x83S\x83\x8a\x83I\x8e\xb5\x90\xa2\x8b\xb3\x8dc,https://www.pauline.or.jp/calendariosanti/gen_saint365.php?id=052502,,
fixed_feasts_ferias_et_al.json,May 26[0].name,26-May,5\x8c\x8e26\x93\xfa,St. Philip Neri,\x90\xb9\x83t\x83B\x83\x8a\x83b\x83|\x81E\x83l\x83\x8a,https://www.pauline.or.jp/calendariosanti/gen_saint365.php?id=052601,,
fixed_feasts_ferias_et_al.json,May 27[0].name,27-May,5\x8c\x8e27\x93\xfa,St. Bede the Venerable,\x90\xb9\x83x\x83_,https://www.pauline.or.jp/calendariosanti/gen_saint365.php?id=052503,,
fixed_feasts_ferias_et_al.json,May 28[0].name,28-May,5\x8c\x8e28\x93\xfa,St. Augustine of Canterbury,\x83J\x83\x93\x83^\x83x\x83\x8a\x81[\x82̐\xb9\x83A\x83E\x83O\x83X\x83e\x83B\x83k\x83X,https://www.pauline.or.jp/calendariosanti/gen_saint365.php?id=052701,,
fixed_feasts_ferias_et_al.json,May 29[0].name,29-May,5\x8c\x8e29\x93\xfa,St. Mary Magdalen of Pazzi,\x83p\x83b\x83c\x83B\x82̐\xb9\x83}\x83\x8a\x83A\x81E\x83}\x83O\x83_\x83\x8c\x83i,https://www.pauline.or.jp/calendariosanti/gen_saint50.php?id=052501,,
fixed_feasts_ferias_et_al.json,May 30[0].name,30-May,5\x8c\x8e30\x93\xfa,Pope Felix I,\x90\xb9\x83t\x83F\x83\x8a\x83`\x83F\x88ꐢ\x8b\xb3\x8dc,,,
fixed_feasts_ferias_et_al.json,May 30[1].name,30-May,5\x8c\x8e30\x93\xfa,St. Joan of Arc,\x90\xb9\x83W\x83\x83\x83\x93\x83k\x81E\x83_\x83\x8b\x83N,https://www.pauline.or.jp/calendariosanti/gen_saint365.php?id=053001,,pro Aliquibus Locis
fixed_feasts_ferias_et_al.json,May 31[0].name,31-May,5\x8c\x8e31\x93\xfa,The Queenship of Mary,\x8c\xb3\x8d@\x81A\x93\xb6\x92吹\x83}\x83\x8a\x83A,https://www.pauline.or.jp/calendariosanti/gen_saint365.php?id=082202,,
fixed_feasts_ferias_et_al.json,June 1[0].name,1-Jun,6\x8c\x8e1\x93\xfa,St. Angela Merici,\x90\xb9\x83A\x83\x93\x83W\x83F\x83\x89\x81E\x83\x81\x83\x8a\x83`,https://www.pauline.or.jp/calendariosanti/gen_saint50.php?id=012701,,
fixed_feasts_ferias_et_al.json,June 2[0].name,2-Jun,6\x8c\x8e2\x93\xfa,"SS. Marcellinus, Peter, & St. Erasmus",\x90\xb9\x83}\x83\x8b\x83`\x83F\x83\x8a\x83m\x81A\x90\xb9\x83y\x83g\x83\x8d\x81A\x90\xb9\x83G\x83\x89\x83X\x83\x82,https://www.pauline.or.jp/calendariosanti/gen_saint50.php?id=060201,,
fixed_feasts_ferias_et_al.json,June 4[0].name,4-Jun,6\x8c\x8e4\x93\xfa,St. Francis Caracciolo,\x90\xb9\x83t\x83\x89\x83\x93\x83V\x83X\x83R\x81E\x83J\x83\x89\x83`\x83\x87\x83\x8d,https://www.pauline.or.jp/calendariosanti/gen_saint50.php?id=060401,,
fixed_feasts_ferias_et_al.json,June 5[0].name,5-Jun,6\x8c\x8e5\x93\xfa,St. Boniface,\x90\xb9\x83{\x83j\x83t\x83@\x83c\x83B\x83I,https://www.pauline.or.jp/calendariosanti/gen_saint50.php?id=060501,,
fixed_feasts_ferias_et_al.json,June 6[0].name,6-Jun,6\x8c\x8e6\x93\xfa,St. Norbert,\x90\xb9\x83m\x83\x8b\x83x\x83\x8b\x83g,https://www.pauline.or.jp/calendariosanti/gen_saint365.php?id=060601,,
fixed_feasts_ferias_et_al.json,June 9[0].name,9-Jun,6\x8c\x8e9\x93\xfa,SS. Primus & Felician,\x90\xb9\x83v\x83\x8a\x83\x82\x82Ɛ\xb9\x83t\x83F\x83\x8a\x83`\x83A\x83m,,,
fixed_feasts_ferias_et_al.json,June 10[0].name,10-Jun,6\x8c\x8e10\x93\xfa,St. Margaret,\x90\xb9\x83}\x83\x8b\x83K\x83\x8a\x83^,https://www.pauline.or.jp/calendariosanti/gen_saint50.php?id=061102,,
fixed_feasts_ferias_et_al.json,June 11[0].name,11-Jun,6\x8c\x8e11\x93\xfa,St. Barnabas,\x90\xb9\x83o\x83\x8b\x83i\x83o,https://www.pauline.or.jp/calendariosanti/gen_saint365.php?id=061101,,
fixed_feasts_ferias_et_al.json,June 12[1].name,12-Jun,6\x8c\x8e12\x93\xfa,"SS. Basilides, Cyrinus, Nabor, & Nazarius",\x90\xb9\x83o\x83W\x83\x8a\x83f\x81A\x90\xb9\x83`\x83\x8a\x83m\x81A\x90\xb9\x83i\x83{\x83\x8c\x81A\x90\xb9\x83i\x83U\x83\x8a\x83I,,,
fixed_feasts_ferias_et_al.json,June 12[0].name,12-Jun,6\x8c\x8e12\x93\xfa,St. John of St. Facundo,\x83T\x83n\x83O\x83\x93\x82̐\xb9\x83\x88\x83n\x83l,https://www.pauline.or.jp/calendariosanti/gen_saint50.php?id=061201,,
fixed_feasts_ferias_et_al.json,June 13[0].name,13-Jun,6\x8c\x8e13\x93\xfa,St. Anthony of Padua,\x83p\x83h\x83\x94\x83@\x82̐\xb9\x83A\x83\x93\x83g\x83j\x83I,https://www.pauline.or.jp/calendariosanti/gen_saint365.php?id=061301,,
fixed_feasts_ferias_et_al.json,June 14[0].name,14-Jun,6\x8c\x8e14\x93\xfa,St. Basil the Great,\x90\xb9\x91\xe5\x83o\x83W\x83\x8a\x83I,https://www.pauline.or.jp/calendariosanti/gen_saint50.php?id=010201,,
fixed_feasts_ferias_et_al.json,June 15[0].name,15-Jun,6\x8c\x8e15\x93\xfa,"SS. Vitus, Modestus, & Crescentia",\x90\xb9\x83\x94\x83B\x83g\x81A\x90\xb9\x83\x82\x83f\x83X\x83g\x81A\x90\xb9\x83N\x83\x8c\x83Z\x83\x93\x83c\x83B\x83A,https://www.pauline.or.jp/calendariosanti/gen_saint365.php?id=061501,,
fixed_feasts_ferias_et_al.json,June 17[0].name,17-Jun,6\x8c\x8e17\x93\xfa,St. Gregory Barbarigo,\x90\xb9\x83O\x83\x8c\x83S\x83\x8a\x83I\x81E\x83o\x83\x8b\x83o\x83\x8a\x83S,https://www.pauline.or.jp/calendariosanti/gen_saint50.php?id=061801,,
fixed_feasts_ferias_et_al.json,June 18[1].name,18-Jun,6\x8c\x8e18\x93\xfa,SS. Mark & Marcellian,\x90\xb9\x83}\x83\x8b\x83R\x82Ɛ\xb9\x83}\x83\x8b\x83`\x83F\x83\x8a\x83A\x83m,,,
fixed_feasts_ferias_et_al.json,June 18[0].name,18-Jun,6\x8c\x8e18\x93\xfa,St. Ephrem,\x90\xb9\x83G\x83t\x83\x8c\x83\x80,https://www.pauline.or.jp/calendariosanti/gen_saint50.php?id=060901,,
fixed_feasts_ferias_et_al.json,June 19[1].name,19-Jun,6\x8c\x8e19\x93\xfa,SS. Gervase & Protase,\x90\xb9\x83W\x83F\x83\x8b\x83\x94\x83@\x83W\x83I\x82Ɛ\xb9\x83v\x83\x8d\x83^\x83W\x83I,,,
fixed_feasts_ferias_et_al.json,June 19[0].name,19-Jun,6\x8c\x8e19\x93\xfa,St. Juliana Falconieri,\x90\xb9\x83\x86\x83\x8a\x83A\x83i\x81E \x83t\x83@\x83\x8b\x83R\x83j\x83G\x83\x8a,,,
fixed_feasts_ferias_et_al.json,June 20[0].name,20-Jun,6\x8c\x8e20\x93\xfa,Pope Silverius,\x90\xb9\x83V\x83\x8b\x83\x94\x83F\x83\x8a\x83I\x8b\xb3\x8dc,https://www.pauline.or.jp/calendariosanti/gen_saint365.php?id=062001,,
,,21-Jun,6\x8c\x8e21\x93\xfa,St. Aloysius Gonzaga,\x90\xb9\x83A\x83\x8d\x83C\x83W\x83I\x81E\x83S\x83\x93\x83U\x83K,https://www.pauline.or.jp/calendariosanti/gen_saint365.php?id=062101,,
fixed_feasts_ferias_et_al.json,June 22[0].name,22-Jun,6\x8c\x8e22\x93\xfa,St. Paulinus,\x83m\x83\x89\x82̐\xb9\x83p\x83E\x83\x8a\x83m,https://www.pauline.or.jp/calendariosanti/gen_saint50.php?id=062203,,
fixed_feasts_ferias_et_al.json,June 25[0].name,25-Jun,6\x8c\x8e25\x93\xfa,St. William,\x90\xb9\x83O\x83\x8a\x83G\x83\x8b\x83\x82,,,
fixed_feasts_ferias_et_al.json,June 26[0].name,26-Jun,6\x8c\x8e26\x93\xfa,SS. John & Paul,\x90\xb9\x83\x88\x83n\x83l\x81A\x90\xb9\x83p\x83E\x83\x8d,https://www.pauline.or.jp/calendariosanti/gen_saint365.php?id=062601,,
fixed_feasts_ferias_et_al.json,June 28[0].name,28-Jun,6\x8c\x8e28\x93\xfa,Vigil of SS. Peter & Paul,\x90\xb9\x83y\x83g\x83\x8d\x81A\x90\xb9\x83p\x83E\x83\x8d\x82̑O\x93\xfa\x81i\x93O\x96\xe9\x81j,,,
fixed_feasts_ferias_et_al.json,June 29[0].name,29-Jun,6\x8c\x8e29\x93\xfa,SS. Peter & Paul,\x90\xb9\x83y\x83g\x83\x8d\x81A\x90\xb9\x83p\x83E\x83\x8d,https://www.pauline.or.jp/calendariosanti/gen_saint365.php?id=062901,https://www.pauline.or.jp/calendariosanti/gen_saint365.php?id=062902,
fixed_feasts_ferias_et_al.json,July 1[0].name,1-Jul,7\x8c\x8e1\x93\xfa,The Most Precious Blood,\x89\xe4\x82\xe7\x82̎\xe5\x83C\x83G\x83Y\x83X\x81E\x83L\x83\x8a\x83X\x83g\x82̍ł\xe0\x90\xb9\x82\xab\x8c䌌,,,
fixed_feasts_ferias_et_al.json,July 2[0].name,2-Jul,7\x8c\x8e2\x93\xfa,The Visitation,\x93\xb6\x92吹\x83}\x83\x8a\x83A\x82̌\xe4\x96K\x96\xe2,https://www.pauline.or.jp/calendariosanti/gen_saint365.php?id=053101,,
fixed_feasts_ferias_et_al.json,July 3[0].name,3-Jul,7\x8c\x8e3\x93\xfa,St. Irenaeus,\x90\xb9\x83C\x83\x8c\x83l\x83I,https://www.pauline.or.jp/calendariosanti/gen_saint50.php?id=062801,,
fixed_feasts_ferias_et_al.json,July 5[0].name,5-Jul,7\x8c\x8e5\x93\xfa,St. Anthony Mary Zaccaria,\x90\xb9\x83A\x83\x93\x83g\x83j\x83I\x81E\x83}\x83\x8a\x83A\x81E\x83U\x83J\x83\x8a\x83A,https://www.pauline.or.jp/calendariosanti/gen_saint50.php?id=070501,,
fixed_feasts_ferias_et_al.json,July 7[0].name,7-Jul,7\x8c\x8e7\x93\xfa,SS. Cyril and Methodius,\x90\xb9\x83`\x83\x8a\x83\x8d\x82Ɛ\xb9\x83\x81\x83g\x83f\x83B\x83I,https://www.pauline.or.jp/calendariosanti/gen_saint365.php?id=021401,,
fixed_feasts_ferias_et_al.json,July 8[0].name,8-Jul,7\x8c\x8e8\x93\xfa,St. Elizabeth,\x83|\x83\x8b\x83g\x83K\x83\x8b\x82̐\xb9\x83G\x83\x8a\x83T\x83x\x83g,https://www.pauline.or.jp/calendariosanti/gen_saint50.php?id=070401,,
fixed_feasts_ferias_et_al.json,July 10[0].name,10-Jul,7\x8c\x8e10\x93\xfa,The Seven Holy Brothers and SS. Rufina and Secunda,\x90\xb9\x8e\xb5\x8cZ\x92\xed\x8by\x82ѐ\xb9\x83\x8b\x83t\x83B\x83i\x81A\x90\xb9\x83Z\x83R\x83\x93\x83_,,,
fixed_feasts_ferias_et_al.json,July 11[0].name,11-Jul,7\x8c\x8e11\x93\xfa,Pope Pius I,\x90\xb9\x83s\x83I\x88ꐢ\x8b\xb3\x8dc,,,
fixed_feasts_ferias_et_al.json,July 12[0].name,12-Jul,7\x8c\x8e12\x93\xfa,St. John Gualbert,\x90\xb9\x83\x88\x83n\x83l\x81E\x83O\x83A\x83\x8b\x83x\x83\x8b\x83g,https://www.pauline.or.jp/calendariosanti/gen_saint365.php?id=071201,,
fixed_feasts_ferias_et_al.json,July 14[0].name,14-Jul,7\x8c\x8e14\x93\xfa,St. Bonaventure,\x90\xb9\x83{\x83i\x83\x94\x83F\x83\x93\x83g\x83D\x83\x89,https://www.pauline.or.jp/calendariosanti/gen_saint365.php?id=071501,,
fixed_feasts_ferias_et_al.json,July 15[0].name,15-Jul,7\x8c\x8e15\x93\xfa,St. Henry,\x90\xb9\x83G\x83\x93\x83\x8a\x83R\x93񐢁i\x83n\x83C\x83\x93\x83\x8a\x83q\x93񐢁j,https://www.pauline.or.jp/calendariosanti/gen_saint365.php?id=071301,,
fixed_feasts_ferias_et_al.json,July 16[0].name,16-Jul,7\x8c\x8e16\x93\xfa,Our Lady of Mt. Carmel,\x83J\x83\x8b\x83\x81\x83\x8b\x8eR\x82̐\xb9\x95\xea\x83}\x83\x8a\x83A,https://www.pauline.or.jp/calendariosanti/gen_saint365.php?id=071601,,
fixed_feasts_ferias_et_al.json,July 17[0].name,17-Jul,7\x8c\x8e17\x93\xfa,St. Alexius,\x90\xb9\x83A\x83\x8c\x83N\x83V\x83I,https://www.pauline.or.jp/calendariosanti/gen_saint365.php?id=071701,,
fixed_feasts_ferias_et_al.json,July 18[0].name,18-Jul,7\x8c\x8e18\x93\xfa,St. Camillus de Lellis,\x90\xb9\x83J\x83~\x83\x8d\x81E\x83f\x81E\x83\x8c\x83\x8a\x83X,https://www.pauline.or.jp/calendariosanti/gen_saint50.php?id=071401,,
fixed_feasts_ferias_et_al.json,July 19[0].name,19-Jul,7\x8c\x8e19\x93\xfa,St. Vincent de Paul,\x90\xb9\x83\x94\x83B\x83\x93\x83Z\x83\x93\x83`\x83I\x81E\x83A\x81E\x83p\x83E\x83\x8d,https://www.pauline.or.jp/calendariosanti/gen_saint50.php?id=092701,,
fixed_feasts_ferias_et_al.json,July 20[0].name,20-Jul,7\x8c\x8e20\x93\xfa,St. Jerome Emilian,\x90\xb9\x83q\x83G\x83\x8d\x83j\x83\x82\x81E\x83G\x83~\x83\x8a\x83A\x83j,https://www.pauline.or.jp/calendariosanti/gen_saint50.php?id=020801,,
fixed_feasts_ferias_et_al.json,July 21[0].name,21-Jul,7\x8c\x8e21\x93\xfa,St. Lawrence of Brindisi,\x83u\x83\x8a\x83\x93\x83f\x83B\x83W\x82̐\xb9\x83\x89\x83E\x83\x8c\x83\x93\x83c\x83B\x83I,https://www.pauline.or.jp/calendariosanti/gen_saint50.php?id=072101,,
fixed_feasts_ferias_et_al.json,July 21[1].name,21-Jul,7\x8c\x8e21\x93\xfa,St. Praxedes,\x90\xb9\x83v\x83\x89\x83N\x83Z\x81[\x83f,,,
fixed_feasts_ferias_et_al.json,July 22[0].name,22-Jul,7\x8c\x8e22\x93\xfa,St. Mary Magdalen,\x83}\x83O\x83_\x83\x89\x82̐\xb9\x83}\x83\x8a\x83A,https://www.pauline.or.jp/calendariosanti/gen_saint365.php?id=072201,,
fixed_feasts_ferias_et_al.json,July 23[0].name,23-Jul,7\x8c\x8e23\x93\xfa,St. Apollinaris,\x90\xb9\x83A\x83|\x83\x8a\x83i\x83\x8a\x83X,https://www.pauline.or.jp/calendariosanti/gen_saint50.php?id=072001,,
fixed_feasts_ferias_et_al.json,July 24[0].name,24-Jul,7\x8c\x8e24\x93\xfa,St. Christina,\x90\xb9\x83N\x83\x8a\x83X\x83e\x83B\x81[\x83i,,,
fixed_feasts_ferias_et_al.json,July 25[0].name,25-Jul,7\x8c\x8e25\x93\xfa,St. James the Greater,\x90\xb9\x91僄\x83R\x83u,https://www.pauline.or.jp/calendariosanti/gen_saint365.php?id=072501,,
fixed_feasts_ferias_et_al.json,July 26[0].name,26-Jul,7\x8c\x8e26\x93\xfa,St. Anne,\x93\xb6\x92吹\x83}\x83\x8a\x83A\x82̌\xe4\x95\xea\x81A\x90\xb9\x83A\x83\x93\x83i,https://www.pauline.or.jp/calendariosanti/gen_saint365.php?id=072601,,
fixed_feasts_ferias_et_al.json,July 27[0].name,27-Jul,7\x8c\x8e27\x93\xfa,St. Pantaleon,\x90\xb9\x83p\x83\x93\x83^\x83\x8c\x83I\x83\x93,https://www.pauline.or.jp/calendariosanti/gen_saint50.php?id=072701,,
fixed_feasts_ferias_et_al.json,July 28[0].name,28-Jul,7\x8c\x8e28\x93\xfa,"SS. Nazarius & Celsus, St. Victor I, St. Innocent I",\x90\xb9\x83i\x83U\x83\x8a\x83I\x82Ɛ\xb9\x83`\x83F\x83\x8b\x83\\x81A\x90\xb9\x83\x94\x83B\x83N\x83g\x81[\x83\x8c\x88ꐢ\x8b\xb3\x8dc\x81A\x90\xb9\x83C\x83\x93\x83m\x83`\x83F\x83\x93\x83c\x83B\x83I\x88ꐢ\x8b\xb3\x8dc,https://www.pauline.or.jp/calendariosanti/gen_saint50.php?id=072801,,
fixed_feasts_ferias_et_al.json,July 29[0].name,29-Jul,7\x8c\x8e29\x93\xfa,St. Martha,\x90\xb9\x83}\x83\x8b\x83^,https://www.pauline.or.jp/calendariosanti/gen_saint365.php?id=072901,,
fixed_feasts_ferias_et_al.json,July 30[0].name,30-Jul,7\x8c\x8e30\x93\xfa,SS. Abdon & Sennen,\x90\xb9\x83A\x83u\x83h\x83\x93\x82Ɛ\xb9\x83Z\x83\x93\x83l\x83\x93,,,
fixed_feasts_ferias_et_al.json,July 31[0].name,31-Jul,7\x8c\x8e31\x93\xfa,St. Ignatius of Loyola,\x90\xb9\x83C\x83O\x83i\x83c\x83B\x83I\x81E\x83f\x81E\x83\x8d\x83\x88\x83\x89,https://www.pauline.or.jp/calendariosanti/gen_saint50.php?id=073101,,
fixed_feasts_ferias_et_al.json,August 1[0].name,1-Aug,8\x8c\x8e1\x93\xfa,The Holy Machabees,\x90\xb9\x83}\x83J\x83x\x83I\x8cZ\x92\xed,,,
fixed_feasts_ferias_et_al.json,August 2[0].name,2-Aug,8\x8c\x8e2\x93\xfa,St. Alphonsus Liguori,\x90\xb9\x83A\x83\x8b\x83t\x83H\x83\x93\x83\\x81E\x83}\x83\x8a\x83A\x81E\x83f\x81E\x83\x8a\x83O\x83I\x81[\x83\x8a,https://www.pauline.or.jp/calendariosanti/gen_saint365.php?id=080101,,
fixed_feasts_ferias_et_al.json,August 4[0].name,4-Aug,8\x8c\x8e4\x93\xfa,St. Dominic,\x90\xb9\x83h\x83~\x83j\x83R,https://www.pauline.or.jp/calendariosanti/gen_saint50.php?id=080801,,
fixed_feasts_ferias_et_al.json,August 5[0].name,5-Aug,8\x8c\x8e5\x93\xfa,Church of St. Mary of the Snow,\x90\xe1\x82̐\xb9\x95\xea\x91吹\x93\xb0\x82̌\xa3\x93\xb0,,,
fixed_feasts_ferias_et_al.json,August 6[0].name,6-Aug,8\x8c\x8e6\x93\xfa,The Transfiguration,\x89\xe4\x82\xe7\x82̎\xe5\x83C\x83G\x83Y\x83X\x81E\x83L\x83\x8a\x83X\x83g\x82̌\xe4\x95ϗe,,,
fixed_feasts_ferias_et_al.json,August 7[0].name,7-Aug,8\x8c\x8e7\x93\xfa,St. Cajetan,\x90\xb9\x83J\x83G\x83^\x83m,https://www.pauline.or.jp/calendariosanti/gen_saint365.php?id=080702,,
fixed_feasts_ferias_et_al.json,August 8[1].name,8-Aug,8\x8c\x8e8\x93\xfa,"SS. Cyriacus, Largus, & Smaragdus",\x90\xb9\x83`\x83\x8a\x83A\x83R\x81A\x90\xb9\x83\x89\x83\x8b\x83S\x81A\x90\xb9\x83X\x83}\x83\x89\x83O\x83h,,,
fixed_feasts_ferias_et_al.json,August 8[0].name,8-Aug,8\x8c\x8e8\x93\xfa,St. John Mary Vianney,\x90\xb9\x83\x88\x83n\x83l\x81E\x83}\x83\x8a\x83A\x81E\x83\x94\x83B\x83A\x83\x93\x83l,https://www.pauline.or.jp/calendariosanti/gen_saint50.php?id=080401,,
fixed_feasts_ferias_et_al.json,August 9[0].name,9-Aug,8\x8c\x8e9\x93\xfa,Vigil of St. Lawrence,\x90\xb9\x83\x89\x83E\x83\x8c\x83\x93\x83c\x83B\x83I\x82̓O\x96\xe9,,,
fixed_feasts_ferias_et_al.json,August 10[0].name,10-Aug,8\x8c\x8e10\x93\xfa,St. Lawrence,\x90\xb9\x83\x89\x83E\x83\x8c\x83\x93\x83c\x83B\x83I,https://www.pauline.or.jp/calendariosanti/gen_saint50.php?id=081001,,
fixed_feasts_ferias_et_al.json,August 11[0].name,11-Aug,8\x8c\x8e11\x93\xfa,St. Tiburtius & St. Susanna,\x90\xb9\x83e\x83B\x83u\x83\x8b\x83c\x83B\x83I\x81A\x90\xb9\x83X\x83U\x83\x93\x83i,,,
fixed_feasts_ferias_et_al.json,August 12[0].name,12-Aug,8\x8c\x8e12\x93\xfa,St. Clare,\x90\xb9\x83N\x83\x89\x83\x89,https://www.pauline.or.jp/calendariosanti/gen_saint365.php?id=081101,,
fixed_feasts_ferias_et_al.json,August 13[0].name,13-Aug,8\x8c\x8e13\x93\xfa,SS. Hippolytus & Cassian,\x90\xb9\x83q\x83b\x83|\x83\x8a\x83g\x81A\x90\xb9\x83J\x83b\x83V\x83A\x83m,,,
fixed_feasts_ferias_et_al.json,August 14[0].name,14-Aug,8\x8c\x8e14\x93\xfa,Vigil of the Assumption,\x93\xb6\x92吹\x83}\x83\x8a\x83A\x82̔폸\x93V\x82̑O\x93\xfa\x81i\x93O\x96\xe9\x81j,,,
fixed_feasts_ferias_et_al.json,August 15[0].name,15-Aug,8\x8c\x8e15\x93\xfa,Marymass,\x93\xb6\x92吹\x83}\x83\x8a\x83A\x82̔폸\x93V,https://www.pauline.or.jp/calendariosanti/gen_saint365.php?id=081501,,
fixed_feasts_ferias_et_al.json,August 16[0].name,16-Aug,8\x8c\x8e16\x93\xfa,St. Joachim,\x93\xb6\x92吹\x83}\x83\x8a\x83A\x82̌䕃\x81A\x90\xb9\x83\x88\x83A\x83L\x83\x80,https://www.pauline.or.jp/calendariosanti/gen_saint365.php?id=072601,,
fixed_feasts_ferias_et_al.json,August 16[1].name,16-Aug,8\x8c\x8e16\x93\xfa,St. Roch,\x90\xb9\x83\x8d\x83R\x81i\x83\x8d\x83N\x83X\x81j,https://www.pauline.or.jp/calendariosanti/gen_saint50.php?id=081601,,pro Aliquibus Locis
fixed_feasts_ferias_et_al.json,August 17[0].name,17-Aug,8\x8c\x8e17\x93\xfa,St. Hyacinth,\x90\xb9\x83q\x83A\x83`\x83\x93\x83g,https://www.pauline.or.jp/calendariosanti/gen_saint50.php?id=081701,,
fixed_feasts_ferias_et_al.json,August 18[0].name,18-Aug,8\x8c\x8e18\x93\xfa,St. Agapitus,\x90\xb9\x83A\x83K\x83s\x83g,,,
fixed_feasts_ferias_et_al.json,August 19[0].name,19-Aug,8\x8c\x8e19\x93\xfa,St. John Eudes,\x90\xb9\x83\x88\x83n\x83l\x81E\x83\x86\x81[\x83h,https://www.pauline.or.jp/calendariosanti/gen_saint365.php?id=081901,,
fixed_feasts_ferias_et_al.json,August 20[0].name,20-Aug,8\x8c\x8e20\x93\xfa,St. Bernard,\x90\xb9\x83x\x83\x8b\x83i\x83\x8b\x83h,https://www.pauline.or.jp/calendariosanti/gen_saint365.php?id=082001,,
fixed_feasts_ferias_et_al.json,August 21[0].name,21-Aug,8\x8c\x8e21\x93\xfa,St. Jane Frances Fremiot de Chantal,\x90\xb9\x83\x88\x83n\x83\x93\x83i\x81E\x83t\x83\x89\x83\x93\x83V\x83X\x83J\x81E\x83h\x81E\x83V\x83\x83\x83\x93\x83^\x83\x8b,https://www.pauline.or.jp/calendariosanti/gen_saint50.php?id=081202,,
fixed_feasts_ferias_et_al.json,August 22[0].name,22-Aug,8\x8c\x8e22\x93\xfa,The Immaculate Heart,\x93\xb6\x92吹\x83}\x83\x8a\x83A\x82̉\x98\x82\xea\x82Ȃ\xab\x8c\xe4\x90S,,,
fixed_feasts_ferias_et_al.json,August 23[0].name,23-Aug,8\x8c\x8e23\x93\xfa,St. Philip Benizi,\x90\xb9\x83t\x83B\x83\x8a\x83b\x83|\x81E\x83x\x83j\x83c\x83B,,,
fixed_feasts_ferias_et_al.json,August 24[0].name,24-Aug,8\x8c\x8e24\x93\xfa,St. Bartholomew,\x90\xb9\x83o\x83\x8b\x83g\x83\x8d\x83\x81\x83I\x81i\x90\xb9\x83o\x83\x8b\x83g\x83\x8d\x83}\x83C\x81j,https://www.pauline.or.jp/calendariosanti/gen_saint50.php?id=082401,,
fixed_feasts_ferias_et_al.json,August 25[0].name,25-Aug,8\x8c\x8e25\x93\xfa,St. Louis,\x90\xb9\x83\x8b\x83C\x81i\x90\xb9\x83\x8b\x83h\x83\x94\x83B\x83R\x81j,https://www.pauline.or.jp/calendariosanti/gen_saint365.php?id=082501,,
fixed_feasts_ferias_et_al.json,August 26[0].name,26-Aug,8\x8c\x8e26\x93\xfa,Pope Zephyrinus,\x90\xb9\x83[\x83t\x83B\x83\x8a\x81[\x83m\x8b\xb3\x8dc,https://www.pauline.or.jp/calendariosanti/gen_saint50.php?id=082601,,
fixed_feasts_ferias_et_al.json,August 27[0].name,27-Aug,8\x8c\x8e27\x93\xfa,St. Joseph Calasanctius,\x90\xb9\x83\x88\x83[\x83t\x81E\x83f\x81E\x83J\x83\x89\x83T\x83\x93\x83X,https://www.pauline.or.jp/calendariosanti/gen_saint365.php?id=082502,,
fixed_feasts_ferias_et_al.json,August 28[0].name,28-Aug,8\x8c\x8e28\x93\xfa,St. Augustine,\x90\xb9\x83A\x83E\x83O\x83X\x83e\x83B\x83k\x83X\x81i\x90\xb9\x83A\x83E\x83O\x83X\x83e\x83B\x83m\x81j,https://www.pauline.or.jp/calendariosanti/gen_saint50.php?id=082801,,
fixed_feasts_ferias_et_al.json,August 29[0].name,29-Aug,8\x8c\x8e29\x93\xfa,The Beheading of John the Baptist,\x90\xf4\x8eҐ\xb9\x83\x88\x83n\x83l\x82̎a\x8e\xf1,https://www.pauline.or.jp/calendariosanti/gen_saint365.php?id=082901,,
fixed_feasts_ferias_et_al.json,August 30[1].name,30-Aug,8\x8c\x8e30\x93\xfa,SS. Felix & Adauctus,\x90\xb9\x83t\x83F\x83\x8a\x83N\x83X\x82Ɛ\xb9\x83A\x83_\x83E\x83N\x83g,https://www.pauline.or.jp/calendariosanti/gen_saint365.php?id=083001,,
fixed_feasts_ferias_et_al.json,August 30[0].name,30-Aug,8\x8c\x8e30\x93\xfa,St. Rose of Lima,\x83\x8a\x83}\x82̐\xb9\x83\x8d\x81[\x83U,https://www.pauline.or.jp/calendariosanti/gen_saint50.php?id=082301,,
fixed_feasts_ferias_et_al.json,August 31[0].name,31-Aug,8\x8c\x8e31\x93\xfa,St. Raymond Nonnatus,\x90\xb9\x83\x89\x83C\x83\x80\x83\x93\x83h\x81E\x83m\x83\x93\x83i\x81[\x83g,https://www.pauline.or.jp/calendariosanti/gen_saint365.php?id=083101,,
fixed_feasts_ferias_et_al.json,September 1[0].name,1-Sep,9\x8c\x8e1\x93\xfa,St. Giles,\x90\xb9\x83W\x83\x8b,https://www.pauline.or.jp/calendariosanti/gen_saint365.php?id=090101,,
fixed_feasts_ferias_et_al.json,September 2[0].name,2-Sep,9\x8c\x8e2\x93\xfa,St. Stephen I,\x90\xb9\x83X\x83e\x83t\x83@\x83m\x89\xa4,https://www.pauline.or.jp/calendariosanti/gen_saint50.php?id=081602,,
fixed_feasts_ferias_et_al.json,September 3[0].name,3-Sep,9\x8c\x8e3\x93\xfa,Pope Pius X,\x90\xb9\x83s\x83I\x8f\\x90\xa2\x8b\xb3\x8dc,https://www.pauline.or.jp/calendariosanti/gen_saint50.php?id=082101,,
fixed_feasts_ferias_et_al.json,September 5[0].name,5-Sep,9\x8c\x8e5\x93\xfa,St. Lawrence Justinian,\x90\xb9\x83\x89\x83E\x83\x8c\x83\x93\x83`\x83I\x81E\x83\x86\x83X\x83`\x83j\x83A\x83m,https://www.pauline.or.jp/calendariosanti/gen_saint365.php?id=090501,,
fixed_feasts_ferias_et_al.json,September 8[0].name,8-Sep,9\x8c\x8e8\x93\xfa,The Nativity of Mary,\x93\xb6\x92吹\x83}\x83\x8a\x83A\x82̌\xe4\x92a\x90\xb6,,,
fixed_feasts_ferias_et_al.json,September 9[0].name,9-Sep,9\x8c\x8e9\x93\xfa,St. Gorgonius,\x90\xb9\x83S\x83\x8b\x83S\x83j\x83I,,,
fixed_feasts_ferias_et_al.json,September 10[0].name,10-Sep,9\x8c\x8e10\x93\xfa,St. Nicholas of Tolentino,\x83g\x83\x8c\x83\x93\x83e\x83B\x81[\x83m\x82̐\xb9\x83j\x83R\x83\x89\x83I,,,
fixed_feasts_ferias_et_al.json,September 11[0].name,11-Sep,9\x8c\x8e11\x93\xfa,SS. Protus & Hyacinth,\x90\xb9\x83v\x83\x8d\x83g\x82Ɛ\xb9\x83q\x83A\x83`\x83\x93\x83g,,,
fixed_feasts_ferias_et_al.json,September 12[0].name,12-Sep,9\x8c\x8e12\x93\xfa,The Most Holy Name of Mary,\x90\xb9\x83}\x83\x8a\x83A\x82̍ł\xe0\x90\xb9\x82\xab\x8c䖼,https://www.pauline.or.jp/calendariosanti/gen_saint365.php?id=091202,,
fixed_feasts_ferias_et_al.json,September 14[0].name,14-Sep,9\x8c\x8e14\x93\xfa,Roodmas,\x90\xb9\x82Ȃ\xe9\x8f\\x8e\x9a\x89˂̏̎],,,
fixed_feasts_ferias_et_al.json,September 15[0].name,15-Sep,9\x8c\x8e15\x93\xfa,The Seven Sorrows,\x93\xb6\x92吹\x83}\x83\x8a\x83A\x82̎\xb5\x82̌\xe4\x8bꂵ\x82\xdd,https://www.pauline.or.jp/calendariosanti/gen_saint365.php?id=091501,,
fixed_feasts_ferias_et_al.json,September 16[0].name,16-Sep,9\x8c\x8e16\x93\xfa,Pope Cornelius & St. Cyprian,\x90\xb9\x83R\x83\x8b\x83l\x83\x8a\x83I\x82Ɛ\xb9\x83`\x83v\x83\x8a\x83A\x83m,https://www.pauline.or.jp/calendariosanti/gen_saint365.php?id=091602,https://www.pauline.or.jp/calendariosanti/gen_saint365.php?id=091603,
fixed_feasts_ferias_et_al.json,September 17[0].name,17-Sep,9\x8c\x8e17\x93\xfa,The Stigmata of St. Francis,\x83A\x83b\x83V\x83W\x82̐\xb9\x83t\x83\x89\x83\x93\x83V\x83X\x83R\x82̐\xb9\x8d\xad,,,
fixed_feasts_ferias_et_al.json,September 18[0].name,18-Sep,9\x8c\x8e18\x93\xfa,St. Joseph of Cupertino,\x83R\x83y\x83\x8b\x83e\x83B\x81[\x83m\x82̐\xb9\x83\x88\x83[\x83t,https://www.pauline.or.jp/calendariosanti/gen_saint50.php?id=091801,,
fixed_feasts_ferias_et_al.json,September 19[0].name,19-Sep,9\x8c\x8e19\x93\xfa,St. Januarius,\x90\xb9\x83\x84\x83k\x83A\x83\x8a\x83I,https://www.pauline.or.jp/calendariosanti/gen_saint365.php?id=091901,,
fixed_feasts_ferias_et_al.json,September 20[0].name,20-Sep,9\x8c\x8e20\x93\xfa,St. Eustace and Companions,\x90\xb9\x83G\x83E\x83X\x83^\x83e\x83B\x83I\x93\x99,,,
fixed_feasts_ferias_et_al.json,September 21[0].name,21-Sep,9\x8c\x8e21\x93\xfa,St. Matthew,\x90\xb9\x83}\x83^\x83C\x81i\x90\xb9\x83}\x83e\x83I\x81j,https://www.pauline.or.jp/calendariosanti/gen_saint365.php?id=092101,,
fixed_feasts_ferias_et_al.json,September 22[0].name,22-Sep,9\x8c\x8e22\x93\xfa,St. Thomas of Villanova,\x83\x94\x83B\x83\x89\x83m\x83\x94\x83@\x82̐\xb9\x83g\x83},https://www.pauline.or.jp/calendariosanti/gen_saint365.php?id=092201,,
fixed_feasts_ferias_et_al.json,September 23[0].name,23-Sep,9\x8c\x8e23\x93\xfa,Pope Linus,\x90\xb9\x83\x8a\x83m\x8b\xb3\x8dc,,,
fixed_feasts_ferias_et_al.json,September 24[0].name,24-Sep,9\x8c\x8e24\x93\xfa,Our Lady of Ransom,\xe6ܗ\xb8\x81i\x82\xb5\x82傭\x82\xe8\x82\xe5\x81j\x82̐\xb9\x83}\x83\x8a\x83A,,,
fixed_feasts_ferias_et_al.json,September 26[0].name,26-Sep,9\x8c\x8e26\x93\xfa,SS. Cyprian & Justina,\x90\xb9\x83`\x83v\x83\x8a\x83A\x83m\x82Ɛ\xb9\x83\x86\x83X\x83e\x83B\x83i,,,
fixed_feasts_ferias_et_al.json,September 27[0].name,27-Sep,9\x8c\x8e27\x93\xfa,SS. Cosmas & Damian,\x90\xb9\x83R\x83X\x83}\x82Ɛ\xb9\x83_\x83~\x83A\x83m,https://www.pauline.or.jp/calendariosanti/gen_saint365.php?id=092601,,
fixed_feasts_ferias_et_al.json,September 28[0].name,28-Sep,9\x8c\x8e28\x93\xfa,St. Wenceslaus,\x90\xb9\x83\x94\x83F\x83\x93\x83`\x83F\x83X\x83\x89\x83I\x89\xa4\x81i\x90\xb9\x83\x94\x83@\x81[\x83c\x83\x89\x83t\x81j,,,
fixed_feasts_ferias_et_al.json,September 29[0].name,29-Sep,9\x8c\x8e29\x93\xfa,Michaelmas,\x91\xe5\x93V\x8eg\x90\xb9\x83~\x83J\x83G\x83\x8b,https://www.pauline.or.jp/calendariosanti/gen_saint50.php?id=092901,,
fixed_feasts_ferias_et_al.json,September 30[0].name,30-Sep,9\x8c\x8e30\x93\xfa,St. Jerome,\x90\xb9\x83q\x83G\x83\x8d\x83j\x83\x82,https://www.pauline.or.jp/calendariosanti/gen_saint365.php?id=093001,,
fixed_feasts_ferias_et_al.json,October 1[0].name,1-Oct,10\x8c\x8e1\x93\xfa,St. Remigius,\x90\xb9\x83\x8c\x83~\x83W\x83I,https://www.pauline.or.jp/calendariosanti/gen_saint50.php?id=022801,,
fixed_feasts_ferias_et_al.json,October 2[0].name,2-Oct,10\x8c\x8e2\x93\xfa,The Holy Guardian Angels,\x90\xb9\x82Ȃ\xe9\x8e\xe7\x8c\xec\x82̓V\x8eg\x82\xe7,https://www.pauline.or.jp/calendariosanti/gen_saint365.php?id=100201,,
fixed_feasts_ferias_et_al.json,October 3[0].name,3-Oct,10\x8c\x8e3\x93\xfa,St. Theresa of Lisieux,\x97c\x82\xa2\x83C\x83G\x83Y\x83X\x82̐\xb9\x83e\x83\x8c\x83W\x83A,https://www.pauline.or.jp/calendariosanti/gen_saint365.php?id=100101,,
fixed_feasts_ferias_et_al.json,October 4[0].name,4-Oct,10\x8c\x8e4\x93\xfa,St. Francis of Assisi,\x83A\x83b\x83V\x83W\x82̐\xb9\x83t\x83\x89\x83\x93\x83V\x83X\x83R,https://www.pauline.or.jp/calendariosanti/gen_saint365.php?id=100401,,
fixed_feasts_ferias_et_al.json,October 5[0].name,5-Oct,10\x8c\x8e5\x93\xfa,St. Placid,\x90\xb9\x83v\x83\x89\x83`\x83h\x82Ƃ\xbb\x82̓\xaf\x8eu,https://www.pauline.or.jp/calendariosanti/gen_saint365.php?id=100501,,
fixed_feasts_ferias_et_al.json,October 6[0].name,6-Oct,10\x8c\x8e6\x93\xfa,St. Bruno,\x90\xb9\x83u\x83\x8b\x81[\x83m,https://www.pauline.or.jp/calendariosanti/gen_saint365.php?id=100601,,
fixed_feasts_ferias_et_al.json,October 7[0].name,7-Oct,10\x8c\x8e7\x93\xfa,The Holy Rosary,\x93\xb6\x92吹\x83}\x83\x8a\x83A\x82̐\xb9\x82Ȃ郍\x83U\x83\x8a\x83I,https://www.pauline.or.jp/calendariosanti/gen_saint365.php?id=100701,,
fixed_feasts_ferias_et_al.json,October 8[0].name,8-Oct,10\x8c\x8e8\x93\xfa,St. Bridget,\x90\xb9\x83r\x83\x8b\x83W\x83b\x83^,https://www.pauline.or.jp/calendariosanti/gen_saint50.php?id=072301,,
fixed_feasts_ferias_et_al.json,October 9[0].name,9-Oct,10\x8c\x8e9\x93\xfa,St. John Leonardi,\x90\xb9\x83\x88\x83n\x83l\x81E\x83\x8c\x83I\x83i\x83\x8b\x83f\x83B,https://www.pauline.or.jp/calendariosanti/gen_saint365.php?id=100902,,
fixed_feasts_ferias_et_al.json,October 10[0].name,10-Oct,10\x8c\x8e10\x93\xfa,St. Francis Borgi,\x90\xb9\x83t\x83\x89\x83\x93\x83V\x83X\x83R\x81E\x83{\x83\x8b\x83W\x83A,https://www.pauline.or.jp/calendariosanti/gen_saint365.php?id=101001,,
fixed_feasts_ferias_et_al.json,October 11[0].name,11-Oct,10\x8c\x8e11\x93\xfa,The Motherhood of Mary,\x93\xb6\x92吹\x83}\x83\x8a\x83A\x82̕ꐫ,,,
fixed_feasts_ferias_et_al.json,October 13[0].name,13-Oct,10\x8c\x8e13\x93\xfa,St. Edward,\x90\xb9\x83G\x83h\x83\x8f\x81[\x83h\x89\xa4,https://www.pauline.or.jp/calendariosanti/gen_saint50.php?id=101301,,
fixed_feasts_ferias_et_al.json,October 14[0].name,14-Oct,10\x8c\x8e14\x93\xfa,Pope Callistus I,\x90\xb9\x83J\x83\x8a\x83X\x83g\x88ꐢ\x8b\xb3\x8dc,https://www.pauline.or.jp/calendariosanti/gen_saint365.php?id=101401,,
fixed_feasts_ferias_et_al.json,October 15[0].name,15-Oct,10\x8c\x8e15\x93\xfa,St. Teresa of Avila,\x83A\x83\x94\x83B\x83\x89\x82̐\xb9\x83e\x83\x8c\x83W\x83A\x81i\x83C\x83G\x83Y\x83X\x82̐\xb9\x83e\x83\x8c\x83W\x83A\x81j,https://www.pauline.or.jp/calendariosanti/gen_saint365.php?id=101501,,
fixed_feasts_ferias_et_al.json,October 16[1].name,16-Oct,10\x8c\x8e16\x93\xfa,St. Gerard Majella,\x90\xb9\x83W\x83F\x83\x89\x83\x8b\x83h\x81E\x83}\x83C\x83G\x83\x89,,,"The feast is on October 16, but it is not listed in the Calendar of 1960"
fixed_feasts_ferias_et_al.json,October 16[0].name,16-Oct,10\x8c\x8e16\x93\xfa,St. Hedwig,\x90\xb9\x83w\x83h\x83\x94\x83B\x83W\x83F\x81i\x90\xb9\x83\x84\x83h\x83\x94\x83B\x83K\x81j,https://www.pauline.or.jp/calendariosanti/gen_saint365.php?id=101602,,
fixed_feasts_ferias_et_al.json,October 17[0].name,17-Oct,10\x8c\x8e17\x93\xfa,St. Margaret Mary Alacoque,\x90\xb9\x83}\x83\x8b\x83K\x83\x8a\x83^\x81E\x83}\x83\x8a\x83A\x81E\x83A\x83\x89\x83R\x83b\x83N,https://www.pauline.or.jp/calendariosanti/gen_saint365.php?id=101601,,
fixed_feasts_ferias_et_al.json,October 18[0].name,18-Oct,10\x8c\x8e18\x93\xfa,St. Luke,\x90\xb9\x83\x8b\x83J,https://www.pauline.or.jp/calendariosanti/gen_saint365.php?id=101801,,
fixed_feasts_ferias_et_al.json,October 19[0].name,19-Oct,10\x8c\x8e19\x93\xfa,St. Peter of Alcántara,\x83A\x83\x8b\x83J\x83\x93\x83^\x83\x89\x82̐\xb9\x83y\x83g\x83\x8d,https://www.pauline.or.jp/calendariosanti/gen_saint50.php?id=102201,,
fixed_feasts_ferias_et_al.json,October 20[0].name,20-Oct,10\x8c\x8e20\x93\xfa,St. John Cantius,\x83P\x83\x93\x83e\x83B\x82̐\xb9\x83\x88\x83n\x83l,https://www.pauline.or.jp/calendariosanti/gen_saint365.php?id=102001,,
fixed_feasts_ferias_et_al.json,October 21[0].name,21-Oct,10\x8c\x8e21\x93\xfa,St. Hilarion,\x90\xb9\x83q\x83\x89\x83\x8a\x83I\x83\x93,https://www.pauline.or.jp/calendariosanti/gen_saint365.php?id=102101,,
fixed_feasts_ferias_et_al.json,October 23[0].name,23-Oct,10\x8c\x8e23\x93\xfa,St. Anthony Mary Claret,\x90\xb9\x83A\x83\x93\x83g\x83j\x83I\x81E\x83}\x83\x8a\x83A\x81E\x83N\x83\x89\x83\x8c\x83g,https://www.pauline.or.jp/calendariosanti/gen_saint365.php?id=102401,,
fixed_feasts_ferias_et_al.json,October 24[0].name,24-Oct,10\x8c\x8e24\x93\xfa,St. Raphael,\x91\xe5\x93V\x8eg\x90\xb9\x83\x89\x83t\x83@\x83G\x83\x8b,https://www.pauline.or.jp/calendariosanti/gen_saint50.php?id=092901,,
fixed_feasts_ferias_et_al.json,October 25[0].name,25-Oct,10\x8c\x8e25\x93\xfa,SS. Chrysanthus & Daria,\x90\xb9\x83N\x83\x8a\x83U\x83\x93\x83g\x82Ɛ\xb9\x83_\x83\x8a\x83A,,,
fixed_feasts_ferias_et_al.json,October 26[0].name,26-Oct,10\x8c\x8e26\x93\xfa,Pope Evaristus,\x90\xb9\x83G\x83\x94\x83@\x83\x8a\x83X\x83g\x8b\xb3\x8dc,https://www.pauline.or.jp/calendariosanti/gen_saint365.php?id=102601,,
fixed_feasts_ferias_et_al.json,October 28[0].name,28-Oct,10\x8c\x8e28\x93\xfa,SS. Simon & Jude,\x90\xb9\x83V\x83\x82\x83\x93\x82Ɛ\xb9\x83\x86\x83_,https://www.pauline.or.jp/calendariosanti/gen_saint365.php?id=102801,,
fixed_feasts_ferias_et_al.json,October 31[0].name,31-Oct,10\x8c\x8e31\x93\xfa,Halloween,,,,Not observed in Japan
fixed_feasts_ferias_et_al.json,November 1[0].name,1-Nov,11\x8c\x8e1\x93\xfa,Hallowmas,\x8f\x94\x90\xb9\x90l,https://www.pauline.or.jp/calendariosanti/gen_saint365.php?id=110101,,
fixed_feasts_ferias_et_al.json,November 2[0].name,2-Nov,11\x8c\x8e2\x93\xfa,All Souls' Day,\x90M\x8b҂̎\x80\x8e҂̋L\x94O,https://www.pauline.or.jp/calendariosanti/gen_saint365.php?id=110201,,
fixed_feasts_ferias_et_al.json,November 4[0].name,4-Nov,11\x8c\x8e4\x93\xfa,St. Charles Borromeo,\x90\xb9\x83J\x83\x8d\x83\x8d\x81E\x83{\x83\x8d\x83\x81\x83I,https://www.pauline.or.jp/calendariosanti/gen_saint50.php?id=110401,,
fixed_feasts_ferias_et_al.json,November 8[0].name,8-Nov,11\x8c\x8e8\x93\xfa,The Four Crowned Holy Martyrs,\x8el\x90l\x82̐\xb9\x82Ȃ\xe9\x91Պ\xa5\x8e\xd2,,,
fixed_feasts_ferias_et_al.json,November 9[0].name,9-Nov,11\x8c\x8e9\x93\xfa,Basilica of St. John Lateran,\x8e\x8a\x90\xb9\x82Ȃ\xe9\x8b~\x90\xa2\x8e\xe5\x82̑吹\x93\xb0\x8c\xa3\x93\xb0\x8e\xae\x81i\x83\x89\x83e\x83\x89\x83m\x91吹\x93\xb0\x81j,https://www.pauline.or.jp/calendariosanti/gen_saint365.php?id=110901,,
fixed_feasts_ferias_et_al.json,November 10[0].name,10-Nov,11\x8c\x8e10\x93\xfa,St. Andrew Avellino,\x90\xb9\x83A\x83\x93\x83h\x83\x8c\x83A\x81E\x83A\x83\x94\x83F\x83b\x83\x8a\x81[\x83m,,,
fixed_feasts_ferias_et_al.json,November 11[0].name,11-Nov,11\x8c\x8e11\x93\xfa,Martinmas,\x90\xb9\x83}\x83\x8b\x83e\x83B\x83m,https://www.pauline.or.jp/calendariosanti/gen_saint365.php?id=111101,,
fixed_feasts_ferias_et_al.json,November 12[0].name,12-Nov,11\x8c\x8e12\x93\xfa,Pope Martin I,\x90\xb9\x83}\x83\x8b\x83e\x83B\x83m\x88ꐢ\x8b\xb3\x8dc,,,
fixed_feasts_ferias_et_al.json,November 13[0].name,13-Nov,11\x8c\x8e13\x93\xfa,St. Didacus,\x90\xb9\x83f\x83B\x83_\x83R,,,
fixed_feasts_ferias_et_al.json,November 14[0].name,14-Nov,11\x8c\x8e14\x93\xfa,St. Josaphat,\x90\xb9\x83\x88\x83U\x83t\x83@\x83g,https://www.pauline.or.jp/calendariosanti/gen_saint50.php?id=111201,,
fixed_feasts_ferias_et_al.json,November 15[0].name,15-Nov,11\x8c\x8e15\x93\xfa,St. Albert the Great,\x91吹\x83A\x83\x8b\x83x\x83\x8b\x83g,https://www.pauline.or.jp/calendariosanti/gen_saint365.php?id=111501,,
fixed_feasts_ferias_et_al.json,November 16[0].name,16-Nov,11\x8c\x8e16\x93\xfa,St. Gertrude,\x90\xb9\x83W\x83F\x83\x8b\x83g\x83\x8b\x81[\x83f\x81i\x90\xb9\x83Q\x83\x8b\x83g\x83\x8b\x81[\x83h\x81j,https://www.pauline.or.jp/calendariosanti/gen_saint50.php?id=111603,,
fixed_feasts_ferias_et_al.json,November 17[0].name,17-Nov,11\x8c\x8e17\x93\xfa,St. Gregory Thaumaturgus,\x8a\xef\x90։Ƃ̐\xb9\x83O\x83\x8c\x83S\x83\x8a\x83I,,,
fixed_feasts_ferias_et_al.json,November 18[0].name,18-Nov,11\x8c\x8e18\x93\xfa,Basilicas of SS. Peter & Paul,\x8eg\x93k\x90\xb9\x83y\x83g\x83\x8d\x81E\x90\xb9\x83p\x83E\x83\x8d\x91吹\x93\xb0\x82̌\xa3\x93\xb0\x8e\xae,https://www.pauline.or.jp/calendariosanti/gen_saint365.php?id=111801,,
fixed_feasts_ferias_et_al.json,November 19[0].name,19-Nov,11\x8c\x8e19\x93\xfa,St. Elizabeth of Hungary,\x83n\x83\x93\x83K\x83\x8a\x81[\x82̐\xb9\x83G\x83\x8a\x83U\x83x\x83g,https://www.pauline.or.jp/calendariosanti/gen_saint365.php?id=111701,,
fixed_feasts_ferias_et_al.json,November 20[0].name,20-Nov,11\x8c\x8e20\x93\xfa,St. Felix of Valois,\x83\x94\x83@\x83\x8d\x83\x8f\x82̐\xb9\x83t\x83F\x83\x8a\x83`\x83F\x81i\x90\xb9\x83t\x83F\x83\x8a\x83N\x83X\x81j,https://www.pauline.or.jp/calendariosanti/gen_saint50.php?id=112001,,
fixed_feasts_ferias_et_al.json,November 21[0].name,21-Nov,11\x8c\x8e21\x93\xfa,The Presentation of Mary,\x93\xb6\x92吹\x83}\x83\x8a\x83A\x82̌\xe4\x95\xf2\x8c\xa3,https://www.pauline.or.jp/calendariosanti/gen_saint365.php?id=112101,,
fixed_feasts_ferias_et_al.json,November 22[0].name,22-Nov,11\x8c\x8e22\x93\xfa,St. Cecilia,\x90\xb9\x83`\x83F\x83`\x83\x8a\x83A\x81i\x90\xb9\x83Z\x83V\x83\x8a\x83A),https://www.pauline.or.jp/calendariosanti/gen_saint365.php?id=112201,,
fixed_feasts_ferias_et_al.json,November 23[0].name,23-Nov,11\x8c\x8e23\x93\xfa,Pope Clement I,\x90\xb9\x83N\x83\x8c\x83\x81\x83\x93\x83X\x88ꐢ\x8b\xb3\x8dc,https://www.pauline.or.jp/calendariosanti/gen_saint365.php?id=112301,,
fixed_feasts_ferias_et_al.json,November 24[0].name,24-Nov,11\x8c\x8e24\x93\xfa,St. John of the Cross,\x8f\\x8e\x9a\x89˂̐\xb9\x83\x88\x83n\x83l,https://www.pauline.or.jp/calendariosanti/gen_saint50.php?id=121401,,
fixed_feasts_ferias_et_al.json,November 25[0].name,25-Nov,11\x8c\x8e25\x93\xfa,St. Catherine of Alexandria,\x83A\x83\x8c\x83N\x83T\x83\x93\x83h\x83\x8a\x83A\x82̐\xb9\x83J\x83^\x83\x8a\x83i,https://www.pauline.or.jp/calendariosanti/gen_saint50.php?id=112501,,
fixed_feasts_ferias_et_al.json,November 26[0].name,26-Nov,11\x8c\x8e26\x93\xfa,St. Sylvester,\x90\xb9\x83V\x83\x8b\x83\x94\x83F\x83X\x83g\x83\x8d,,,
fixed_feasts_ferias_et_al.json,November 29[0].name,29-Nov,11\x8c\x8e29\x93\xfa,St. Saturninus,\x90\xb9\x83T\x83g\x83D\x83\x8b\x83j\x83m,,,
fixed_feasts_ferias_et_al.json,November 30[0].name,30-Nov,11\x8c\x8e30\x93\xfa,St. Andrew,\x90\xb9\x83A\x83\x93\x83h\x83\x8c\x83A\x81i\x90\xb9\x83A\x83\x93\x83f\x83\x8c\x81j,https://www.pauline.or.jp/calendariosanti/gen_saint365.php?id=113001,,
fixed_feasts_ferias_et_al.json,December 2[0].name,2-Dec,12\x8c\x8e2\x93\xfa,St. Bibiana,\x90\xb9\x83r\x83r\x83A\x83i,https://www.pauline.or.jp/calendariosanti/gen_saint365.php?id=120201,,
fixed_feasts_ferias_et_al.json,December 3[0].name,3-Dec,12\x8c\x8e3\x93\xfa,St. Francis Xavier,\x90\xb9\x83t\x83\x89\x83\x93\x83V\x83X\x83R\x81E\x83U\x83r\x83G\x83\x8b,https://www.pauline.or.jp/calendariosanti/gen_saint365.php?id=120301,,
fixed_feasts_ferias_et_al.json,December 4[1].name,4-Dec,12\x8c\x8e4\x93\xfa,St. Barbara,\x90\xb9\x83o\x83\x8b\x83o\x83\x89,,,
fixed_feasts_ferias_et_al.json,December 4[0].name,4-Dec,12\x8c\x8e4\x93\xfa,St. Peter Chrysologus,\x90\xb9\x83y\x83g\x83\x8d\x81E\x83N\x83\x8a\x83]\x83\x8d\x83S,https://www.pauline.or.jp/calendariosanti/gen_saint50.php?id=073002,,
fixed_feasts_ferias_et_al.json,December 5[0].name,5-Dec,12\x8c\x8e5\x93\xfa,St. Sabbas,\x90\xb9\x83T\x83o\x83X,https://www.pauline.or.jp/calendariosanti/gen_saint365.php?id=120501,,
fixed_feasts_ferias_et_al.json,December 6[0].name,6-Dec,12\x8c\x8e6\x93\xfa,St. Nicholas,\x90\xb9\x83j\x83R\x83\x89\x83I,https://www.pauline.or.jp/calendariosanti/gen_saint365.php?id=120601,,
fixed_feasts_ferias_et_al.json,December 7[0].name,7-Dec,12\x8c\x8e7\x93\xfa,St. Ambrose,\x90\xb9\x83A\x83\x93\x83u\x83\x8d\x83W\x83I,https://www.pauline.or.jp/calendariosanti/gen_saint365.php?id=120701,,
fixed_feasts_ferias_et_al.json,December 8[0].name,8-Dec,12\x8c\x8e8\x93\xfa,The Immaculate Conception,\x93\xb6\x92吹\x83}\x83\x8a\x83A\x82̖\xb3\x8c\xb4\x8d߂̌\xe4\x9bs\x81i\x82\xe2\x82ǁj\x82\xe8,https://www.pauline.or.jp/calendariosanti/gen_saint365.php?id=120801,,
fixed_feasts_ferias_et_al.json,December 10[0].name,10-Dec,12\x8c\x8e10\x93\xfa,Pope Melchiades,\x90\xb9\x83\x81\x83\x8b\x83L\x83A\x83f\x8b\xb3\x8dc,,,
fixed_feasts_ferias_et_al.json,December 11[0].name,11-Dec,12\x8c\x8e11\x93\xfa,Pope Damasus I,\x90\xb9\x83_\x83}\x83]\x88ꐢ\x8b\xb3\x8dc,https://www.pauline.or.jp/calendariosanti/gen_saint365.php?id=121101,,
fixed_feasts_ferias_et_al.json,December 12[0].name,12-Dec,12\x8c\x8e12\x93\xfa,Our Lady of Guadalupe,\x83O\x83A\x83_\x83\x8b\x83y\x82̐\xb9\x95\xea\x83}\x83\x8a\x83A,https://www.pauline.or.jp/calendariosanti/gen_saint365.php?id=121201,,
fixed_feasts_ferias_et_al.json,December 13[0].name,13-Dec,12\x8c\x8e13\x93\xfa,St. Lucy,\x90\xb9\x83\x8b\x83`\x83A,https://www.pauline.or.jp/calendariosanti/gen_saint365.php?id=121301,,
fixed_feasts_ferias_et_al.json,December 16[1].name,16-Dec,12\x8c\x8e16\x93\xfa,Las Posadas,,,,Not observed in Japan
fixed_feasts_ferias_et_al.json,December 16[0].name,16-Dec,12\x8c\x8e16\x93\xfa,St. Eusebius,\x90\xb9\x83G\x83E\x83[\x83r\x83I,https://www.pauline.or.jp/calendariosanti/gen_saint50.php?id=080201,,
fixed_feasts_ferias_et_al.json,December 17[0].name,17-Dec,12\x8c\x8e17\x93\xfa,Golden Nights,,,,Not observed in Japan
fixed_feasts_ferias_et_al.json,December 21[0].name,21-Dec,12\x8c\x8e21\x93\xfa,St. Thomas,\x90\xb9\x83g\x83},https://www.pauline.or.jp/calendariosanti/gen_saint50.php?id=070301,,
fixed_feasts_ferias_et_al.json,December 24[0].name,24-Dec,12\x8c\x8e24\x93\xfa,Christmas Eve,\x8c\xe4\x8d~\x92a\x82̏j\x93\xfa\x82̑O\x93\xfa\x81i\x93O\x96\xe9\x81j,,,
fixed_feasts_ferias_et_al.json,December 25[0].name,25-Dec,12\x8c\x8e25\x93\xfa,Christmas,\x89\xe4\x82\xe7\x82̎\xe5\x83C\x83G\x83Y\x83X\x81E\x83L\x83\x8a\x83X\x83g\x82̌\xe4\x8d~\x92a\x82̑\xe5\x8fj\x93\xfa,,,
fixed_feasts_ferias_et_al.json,December 26[0].name,26-Dec,12\x8c\x8e26\x93\xfa,St. Stephen,\x8dŏ\x89\x82̏}\x8b\xb3\x8eҁA\x90\xb9\x83X\x83e\x83t\x83@\x83m,https://www.pauline.or.jp/calendariosanti/gen_saint365.php?id=122601,,
fixed_feasts_ferias_et_al.json,December 27[0].name,27-Dec,12\x8c\x8e27\x93\xfa,St. John,\x90\xb9\x83\x88\x83n\x83l,https://www.pauline.or.jp/calendariosanti/gen_saint365.php?id=122701,,
fixed_feasts_ferias_et_al.json,December 28[0].name,28-Dec,12\x8c\x8e28\x93\xfa,Childermas,\x8d߂Ȃ\xab\x89d\x8e\x99\x81i\x82݂ǂ育\x81j,https://www.pauline.or.jp/calendariosanti/gen_saint365.php?id=122801,,
fixed_feasts_ferias_et_al.json,December 29[0].name,29-Dec,12\x8c\x8e29\x93\xfa,St. Thomas Becket,\x90\xb9\x83g\x83}\x83X\x81E\x83x\x83P\x83b\x83g,https://www.pauline.or.jp/calendariosanti/gen_saint365.php?id=122901,,
fixed_feasts_ferias_et_al.json,December 31[0].name,31-Dec,12\x8c\x8e31\x93\xfa,Pope Sylvester I,\x90\xb9\x83V\x83\x8b\x83\x94\x83F\x83X\x83g\x83\x8d\x88ꐢ\x8b\xb3\x8dc,https://www.pauline.or.jp/calendariosanti/gen_saint365.php?id=123101,,
movable_feasts_ferias_et_al.json,__key__,,,Advent Embertide,\x91ҍ~\x90߂̎l\x8bG\x82̍֓\xfa,,,
movable_feasts_ferias_et_al.json,__key__,,,Ascension,\x89\xe4\x82\xe7\x82̎\xe5\x83C\x83G\x83Y\x83X\x81E\x83L\x83\x8a\x83X\x83g\x82̌䏸\x93V,,,
movable_feasts_ferias_et_al.json,__key__,,,Ash Wednesday,\x8aD\x82̐\x85\x97j\x93\xfa,,,
movable_feasts_ferias_et_al.json,Good Friday.color,,,Black,\x8d\x95,,,
movable_feasts_ferias_et_al.json,__key__,,,Cantate Sunday,Cantate Sunday\x81i\x8c䕜\x8a\x88\x8c\xe3\x91\xe6\x8c܂̎\xe5\x93\xfa\x81j,,,
movable_feasts_ferias_et_al.json,__key__,,,Christ the King,\x89\xa4\x82\xbd\x82\xe9\x89\xe4\x82\xe7\x82̎\xe5\x83C\x83G\x83Y\x83X\x81E\x83L\x83\x8a\x83X\x83g,,,
movable_feasts_ferias_et_al.json,St. Gabriel of Our Lady of Sorrows.titles[0],,,Confessor,\x8fؐ\xb9\x8e\xd2,,,
movable_feasts_ferias_et_al.json,__key__,,,Corpus Christi,\x83L\x83\x8a\x83X\x83g\x82̐\xb9\x91̂̏j\x93\xfa,,,
movable_feasts_ferias_et_al.json,__key__,,,Easter,\x8c䕜\x8a\x88\x82̏j\x93\xfa,,,
movable_feasts_ferias_et_al.json,__key__,,,Easter Friday,\x8c䕜\x8a\x88\x8c\xe3\x82̋\xe0\x97j\x93\xfa,,,
movable_feasts_ferias_et_al.json,__key__,,,Easter Monday,\x8c䕜\x8a\x88\x8c\xe3\x82̌\x8e\x97j\x93\xfa,,,
movable_feasts_ferias_et_al.json,__key__,,,Easter Saturday,\x8c䕜\x8a\x88\x8c\xe3\x82̓y\x97j\x93\xfa,,,
movable_feasts_ferias_et_al.json,__key__,,,Easter Thursday,\x8c䕜\x8a\x88\x8c\xe3\x82̖ؗj\x93\xfa,,,
movable_feasts_ferias_et_al.json,__key__,,,Easter Tuesday,\x8c䕜\x8a\x88\x8c\xe3\x82̉Ηj\x93\xfa,,,
movable_feasts_ferias_et_al.json,__key__,,,Easter Wednesday,\x8c䕜\x8a\x88\x8c\xe3\x82̐\x85\x97j\x93\xfa,,,
movable_feasts_ferias_et_al.json,__key__,,,Fat Thursday,,,,Not observed in Japan
movable_feasts_ferias_et_al.json,__key__,,,Gaudete Sunday,\x8a\xec\x82т̎\xe5\x93\xfa,,,
movable_feasts_ferias_et_al.json,__key__,,,Good Friday,\x90\xb9\x8b\xe0\x97j\x93\xfa,,,
movable_feasts_ferias_et_al.json,__key__,,,Holy Saturday,\x90\xb9\x93y\x97j\x93\xfa,,,
movable_feasts_ferias_et_al.json,__key__,,,Jubilate Sunday,Jubilate Sunday\x81i\x8c䕜\x8a\x88\x8c\xe3\x91\xe6\x8eO\x82̎\xe5\x93\xfa\x81j,,,
movable_feasts_ferias_et_al.json,__key__,,,Lady Day,\x93\xb6\x92吹\x83}\x83\x8a\x83A\x82̌䍐\x82\xb0,,,
movable_feasts_ferias_et_al.json,__key__,,,Laetare Sunday,\x83o\x83\x89\x82̎\xe5\x93\xfa,,,
movable_feasts_ferias_et_al.json,__key__,,,Last Sunday after Pentecost,\x90\xb9\x97\xec\x8d~\x97Ռ\xe3\x82̍Ō\xe3\x82̎\xe5\x93\xfa,,,
movable_feasts_ferias_et_al.json,__key__,,,Lenten Embertide,\x8el\x8f{\x90߂̎l\x8bG\x82̍֓\xfa,,,
movable_feasts_ferias_et_al.json,__key__,,,Major Rogation,\x91\xe5\x8bF\x8a\xe8\x8d\xd5,,,
movable_feasts_ferias_et_al.json,__key__,,,Mardi Gras,,,,Not observed in Japan
movable_feasts_ferias_et_al.json,__key__,,,Maundy Thursday,\x90\xb9\x96ؗj\x93\xfa,,,
movable_feasts_ferias_et_al.json,__key__,,,Michaelmas Embertide,9\x8c\x8e\x82̎l\x8bG\x82̍֓\xfa,,,
movable_feasts_ferias_et_al.json,__key__,,,Minor Rogation,\x8f\xac\x8bF\x8a\xe8\x8d\xd5,,,
movable_feasts_ferias_et_al.json,__key__,,,Misericordia Sunday,\x82悫\x96q\x8e҂̎\xe5\x93\xfa,,,
movable_feasts_ferias_et_al.json,__key__,,,Monday of Holy Week,\x90\xb9\x8c\x8e\x97j\x93\xfa,,,
movable_feasts_ferias_et_al.json,__key__,,,Palm Sunday,\x8e}\x82̎\xe5\x93\xfa,,,
movable_feasts_ferias_et_al.json,__key__,,,Passion Sunday,\x8c\xe4\x8e\xf3\x93\xef\x82̎\xe5\x93\xfa,,,
movable_feasts_ferias_et_al.json,__key__,,,Pentecost,\x90\xb9\x97\xec\x8d~\x97Ղ̎\xe5\x93\xfa,,,
movable_feasts_ferias_et_al.json,__key__,,,Pentecost Monday,\x90\xb9\x97\xec\x8d~\x97Ռ\xe3\x82̌\x8e\x97j\x93\xfa,,,
movable_feasts_ferias_et_al.json,__key__,,,Pentecost Tuesday,\x90\xb9\x97\xec\x8d~\x97Ղ̉Ηj\x93\xfa,,,
movable_feasts_ferias_et_al.json,__key__,,,Peter's Pence,\x90\xb9\x83y\x83g\x83\x8d\x82̌\xa3\x8b\xe0,,,
movable_feasts_ferias_et_al.json,__key__,,,Plough Monday,,,,Not observed in Japan
movable_feasts_ferias_et_al.json,__key__,,,Quasimodo Sunday,\x94\x92\x88߂̎\xe5\x93\xfa,,,
movable_feasts_ferias_et_al.json,__key__,,,Quinquagesima,\x8c܏{\x90\xdf,,,
movable_feasts_ferias_et_al.json,St. Matthias.color,,,Red,\x90\xd4,,,
movable_feasts_ferias_et_al.json,Gaudete Sunday.color,,,Rose,\x83o\x83\x89,,,
movable_feasts_ferias_et_al.json,__key__,,,Septuagesima,\x8e\xb5\x8f{\x90\xdf,,,
movable_feasts_ferias_et_al.json,__key__,,,Sexagesima,\x98Z\x8f{\x90\xdf,,,
movable_feasts_ferias_et_al.json,__key__,,,Shrove Monday,,,,Not observed in Japan
movable_feasts_ferias_et_al.json,__key__,,,Spy Wednesday,\x90\xb9\x90\x85\x97j\x93\xfa,,,
movable_feasts_ferias_et_al.json,__key__,,,St. Gabriel of Our Lady of Sorrows,\x8c\xe4\x94߂\xb5\x82݂̐\xb9\x95\xea\x82̃K\x83u\x83\x8a\x83G\x83\x8b,,,
movable_feasts_ferias_et_al.json,__key__,,,St. John's Day,\x90\xf4\x8eҐ\xb9\x83\x88\x83n\x83l\x92a\x90\xb6,,,
movable_feasts_ferias_et_al.json,__key__,,,St. John's Eve,\x90\xf4\x8eҐ\xb9\x83\x88\x83n\x83l\x92a\x90\xb6\x82̑O\x93\xfa,,,
movable_feasts_ferias_et_al.json,__key__,,,St. Matthias,\x90\xb9\x83}\x83e\x83B\x83A,,,
movable_feasts_ferias_et_al.json,__key__,,,Sunday within the Octave of Christmas,\x8c\xe4\x8d~\x92a\x82̑\xe5\x8fj\x93\xfa\x82̔\xaa\x93\xfa\x8aԒ\x86\x82̎\xe5\x93\xfa,,,
movable_feasts_ferias_et_al.json,__key__,,,The Holy Family,\x90\xb9\x89Ƒ\xb0,,,
movable_feasts_ferias_et_al.json,__key__,,,The Holy Name,\x83C\x83G\x83Y\x83X\x82̐\xb9\x96\xbc\x82̏j\x93\xfa,,,
movable_feasts_ferias_et_al.json,__key__,,,The Sacred Heart,\x83C\x83G\x83Y\x83X\x82̐\xb9\x90S\x82̑\xe5\x8fj\x93\xfa,,,
movable_feasts_ferias_et_al.json,__key__,,,The Seven Sorrows,\x93\xb6\x92吹\x83}\x83\x8a\x83A\x82̎\xb5\x82̌\xe4\x8bꂵ\x82\xdd,,,
movable_feasts_ferias_et_al.json,__key__,,,Thursday in Pentecost Week,\x90\xb9\x97\xec\x8d~\x97Ռ\xe3\x82̐\x85\x97j\x93\xfa,,,
movable_feasts_ferias_et_al.json,__key__,,,Trinity Sunday,\x8eO\x88ʈ\xea\x91̂̎\xe5\x93\xfa,,,
movable_feasts_ferias_et_al.json,__key__,,,Tuesday of Holy Week,\x90\xb9\x89Ηj\x93\xfa,,,
movable_feasts_ferias_et_al.json,__key__,,,Vigil of Pentecost,\x90\xb9\x97\xec\x8d~\x97Ղ̑\xe5\x8fj\x93\xfa\x82̑O\x93\xfa\x81i\x93O\x96\xe9\x81j,,,
movable_feasts_ferias_et_al.json,St. John's Eve.color,,,Violet,\x8e\x87,,,
movable_feasts_ferias_et_al.json,__key__,,,Whit Embertide,\x90\xb9\x97\xec\x8d~\x97Ռ\xe3\x82̎l\x8bG\x82̍֓\xfa,,,
movable_feasts_ferias_et_al.json,Sunday within the Octave of Christmas.color,,,White,\x94\x92,,,
seasons.json,__key__,,,Advent,\x91ҍ~\x90\xdf,,,
seasons.json,__key__,,,Christmastide,\x8c\xe4\x8d~\x92a\x82̏j\x93\xfa\x82̊\xfa\x8aԁiChristmastide\x81j,,,
seasons.json,__key__,,,Eastertide,\x8c䕜\x8a\x88\x82̏j\x93\xfa\x82̊\xfa\x8a\xd4,,,
seasons.json,__key__,,,Embertide,\x8el\x8bG\x82̍֓\xfa,,,
seasons.json,Time after Epiphany.color,,,Green,\x97\xce,,,
seasons.json,__key__,,,Hallowtide,,,,Not observed in Japan
seasons.json,__key__,,,Holy Week,\x90\xb9\x8fT\x8a\xd4,,,
seasons.json,Paschal Triduum.season,,,Holy Week,\x90\xb9\x8fT\x8a\xd4,,,
seasons.json,__key__,,,Lent,\x8el\x8f{\x90\xdf,,,
seasons.json,__key__,,,Paschal Triduum,,,,
seasons.json,__key__,,,Passiontide,\x8c\xe4\x8e\xf3\x93\xef,,,
seasons.json,Holy Week.season,,,Passiontide,\x8c\xe4\x8e\xf3\x93\xef,,,
seasons.json,__key__,,,Septuagesima,\x8e\xb5\x8f{\x90\xdf,,,
seasons.json,Shrovetide.season,,,Septuagesima,\x8e\xb5\x8f{\x90\xdf,,,
seasons.json,__key__,,,Shrovetide,,,,Not observed in Japan
seasons.json,__key__,,,Time after Epiphany,\x8c\xe4\x8c\xf6\x8c\xbb\x82̏j\x93\xfa\x8c\xe3\x82̊\xfa\x8a\xd4,,,
seasons.json,__key__,,,Time after Pentecost,\x90\xb9\x97\xec\x8d~\x97Ղ̏j\x93\xfa\x8c\xe3\x82̊\xfa\x8a\xd4,,,
seasons.json,Hallowtide.season,,,Time after Pentecost,\x90\xb9\x97\xec\x8d~\x97Ղ̏j\x93\xfa\x8c\xe3\x82̊\xfa\x8a\xd4,,,
seasons.json,Advent.color,,,Violet,\x8e\x87,,,
seasons.json,Christmastide.color,,,White,\x94\x92,,,
