en,fr
Advent,Avent
Christmastide,Temps de Noël
Embertide,Quatre-Temps
Time after Epiphany,Temps après l'Épiphanie
Septuagesima,Septuagésime
Shrovetide,Jours Gras
Lent,Carême
Passiontide,Temps de la Passion
Holy Week,Semaine Sainte
Paschal Triduum,Triduum Pascal
Eastertide,Temps Pascal
Time after Pentecost,Temps après la Pentecôte
Hallowtide,Octave de la Toussaint
Epiphany,Épiphanie
Pentecost,Pentecôte
Easter,Pâques
Ascension,Ascension
The Circumcision,La Circoncision
Three Kings Day,Épiphanie
Baptism of Christ,Baptême du Christ
St. Hilary,St Hilaire
St. Anthony the Great,St Antoine le Grand
Pope Fabian & St. Sebastian,Saint Fabien et Saint Sébastien
St. Agnes,Ste Agnès
Conversion of St. Paul,Conversion de Saint Paul
St. Polycarp,St Polycarpe
St. John Bosco,St Jean Bosco
The Purification,La Purification
St. Bernadette,Ste Bernadette
St. Matthias,St Matthias
St. Thomas Aquinas,St Thomas d'Aquin
St. Gregory the Great,St Grégoire le Grand
St. Patrick,St Patrice
St. Joseph,St Joseph
The Annunciation,L'Annonciation
St. George,St Georges
St. Mark,St Marc
SS. Philip & James,St Philippe et St Jacques
St. Athanasius,St Athanase
The Finding of the Holy Cross,L'Invention de la Sainte Croix
St. Monica,Ste Monique
St. Joan of Arc,Ste Jeanne d'Arc
St. Boniface,St Boniface
St. Barnabas,St Barnabé
St. Anthony of Padua,St Antoine de Padoue
St. John the Baptist,St Jean-Baptiste
SS. Peter & Paul,St Pierre et St Paul
The Visitation,La Visitation
St. Benedict,St Benoît
St. Mary Magdalene,Ste Marie-Madeleine
St. James the Greater,St Jacques le Majeur
St. Anne,Ste Anne
St. Ignatius of Loyola,St Ignace de Loyola
St. Alphonsus Liguori,St Alphonse de Liguori
St. Dominic,St Dominique
The Transfiguration,La Transfiguration
St. Lawrence,St Laurent
The Assumption,L'Assomption
St. Bernard,St Bernard
St. Bartholomew,St Barthélemy
St. Augustine,St Augustin
St. Pius X,St Pie X
The Nativity of the Blessed Virgin Mary,Nativité de la B.V.M.
The Exaltation of the Holy Cross,Exaltation de la Sainte Croix
St. Matthew,St Matthieu
St. Michael the Archangel,St Michel Archange
St. Jerome,St Jérôme
St. Therese of the Child Jesus,Ste Thérèse de l'Enfant-Jésus
St. Francis of Assisi,St François d'Assise
St. Bruno,St Bruno
St. Luke,St Luc
St. Raphael the Archangel,St Raphaël Archange
SS. Simon & Jude,St Simon et St Jude
All Saints Day,La Toussaint
All Souls Day,Commémoraison des fidèles défunts
St. Martin of Tours,St Martin de Tours
St. Cecilia,Ste Cécile
St. Clement I,St Clément Ier
St. Catherine of Alexandria,Ste Catherine d'Alexandrie
St. Andrew,St André
St. Nicholas,St Nicolas
The Immaculate Conception,L'Immaculée Conception
St. Lucy,Ste Lucie
St. Thomas,St Thomas
St. Stephen,St Étienne
St. John the Evangelist,St Jean l'Évangéliste
The Holy Innocents,Les Saints Innocents
St. Sylvester I,St Sylvestre Ier
Christ the King,Le Christ-Roi
Our Lady of Guadalupe,Notre-Dame de Guadalupe
Our Lady of Lourdes,Notre-Dame de Lourdes
Our Lady of Fatima,Notre-Dame de Fatima
Our Lady of Mount Carmel,Notre-Dame du Mont-Carmel
Our Lady of the Rosary,Notre-Dame du Rosaire
Sacred Heart of Jesus,Sacré-Cœur de Jésus
Precious Blood of Jesus,Précieux Sang de Jésus
Holy Name of Jesus,Saint Nom de Jésus
Holy Family,Sainte Famille
The Holy Name,Le Saint Nom de Jésus
The Holy Family,La Sainte Famille
The Sacred Heart,Le Sacré-Cœur de Jésus
The Most Precious Blood,Le Précieux Sang
The Immaculate Heart,Le Cœur Immaculé de Marie
The Most Holy Name of Mary,Le Saint Nom de Marie
The Apparition at Lourdes,L'Apparition de l'Immaculée
The Beheading of John the Baptist,Décollation de Saint Jean-Baptiste
The Forty Martyrs,Les Quarante Martyrs
The Four Crowned Holy Martyrs,Les Quatre Saints Couronnés
The Holy Guardian Angels,Les Saints Anges Gardiens
The Holy Machabees,Les Saints Machabées
The Holy Rosary,Le Saint Rosaire
The Motherhood of Mary,La Maternité de la Bienheureuse Vierge Marie
The Nativity of Mary,La Nativité de la Bienheureuse Vierge Marie
The Presentation of Mary,La Présentation de la Bienheureuse Vierge Marie
The Queenship of Mary,La Royauté de la Bienheureuse Vierge Marie
The Seven Holy Brothers and SS. Rufina and Secunda,Les Sept Saints Frères et les Saintes Rufine et Seconde
The Seven Holy Founders of the Servite Order,Les Sept Saints Fondateurs de l'Ordre des Servites
The Seven Sorrows,Les Sept Douleurs de la Bienheureuse Vierge Marie
The Stigmata of St. Francis,Les Stigmates de Saint François
The Supplica (Our Lady of Pompeii),La Supplique à Notre-Dame de Pompéi
Corpus Christi,La Fête-Dieu
Ash Wednesday,Mercredi des Cendres
Passion Sunday,Dimanche de la Passion
Palm Sunday,Dimanche des Rameaux
Maundy Thursday,Jeudi Saint
Good Friday,Vendredi Saint
Holy Saturday,Samedi Saint
Trinity Sunday,Dimanche de la Sainte Trinité
Low Sunday,Dimanche in Albis
Whit Monday,Lundi de Pentecôte
Whit Tuesday,Mardi de Pentecôte
Quinquagesima,Quinquagésime
Sexagesima,Sexagésime
Septuagesima Sunday,Dimanche de la Septuagésime
Rogation Monday,Lundi des Rogations
Rogation Tuesday,Mardi des Rogations
Rogation Wednesday,Mercredi des Rogations
Major Rogation,Grandes Rogations
Minor Rogations,Rogations
Vigil of Christmas,Vigile de Noël
Vigil of the Epiphany,Vigile de l'Épiphanie
Vigil of the Ascension,Vigile de l'Ascension
Vigil of Pentecost,Vigile de la Pentecôte
Vigil of St. John the Baptist,Vigile de St Jean-Baptiste
Vigil of SS. Peter & Paul,Vigile de Saint Pierre et Saint Paul
Vigil of the Assumption,Vigile de l'Assomption
Vigil of St. Lawrence,Vigile de Saint Laurent
Vigil of All Saints,Vigile de la Toussaint
Monday,Lundi
Tuesday,Mardi
Wednesday,Mercredi
Thursday,Jeudi
Friday,Vendredi
Saturday,Samedi
Sunday,Dimanche
First,Premier
Second,Deuxième
Third,Troisième
Fourth,Quatrième
Fifth,Cinquième
Sixth,Sixième
Seventh,Septième
Eighth,Huitième
Ninth,Neuvième
Tenth,Dixième
Eleventh,Onzième
Twelfth,Douzième
Thirteenth,Treizième
Fourteenth,Quatorzième
Fifteenth,Quinzième
Sixteenth,Seizième
Seventeenth,Dix-septième
Eighteenth,Dix-huitième
Nineteenth,Dix-neuvième
Twentieth,Vingtième
Twenty-first,Vingt-et-unième
Twenty-second,Vingt-deuxième
Twenty-third,Vingt-troisième
Twenty-fourth,Vingt-quatrième
Twenty-fifth,Vingt-cinquième
Twenty-sixth,Vingt-sixième
Twenty-seventh,Vingt-septième
Last Sunday,Dernier dimanche
Lady Day,L'Annonciation
Lenten Embertide,Quatre-Temps de Carême
Advent Embertide,Quatre-Temps de l'Avent
Whit Embertide,Quatre-Temps de la Pentecôte
September Embertide,Quatre-Temps de Septembre
St. Bibiana,Ste Bibiane
Pope Marcellus I,"St Marcel Ier, pape"
St. Paul the Hermit,St Paul l'Anachorète
Spy Wednesday,Mercredi saint
St. John,St Jean
St. Peter,St Pierre
St. Paul,St Paul
St. James,St Jacques
St. Philip,St Philippe
St. Simon,St Simon
St. Jude,St Jude
St. Martha,Ste Marthe
St. Mary,Ste Marie
St. Joachim,St Joachim
St. Elizabeth,Ste Élisabeth
St. Zachary,St Zacharie
